Title,Rate,Price,Price Before Discount,Discount,Image URL,Description,Brand Name,Color,Headphones Form Factor,Noise Control,Sensitivity,Model Name,Connectivity Technology,Wireless Communication Technology,Special Features,Included Components,Batteries,Package Dimensions,Date First Available,Manufacturer,ASIN,Item model number,reviews,Headphones Ear Placement,Headphones Jack,Age Range Description,Material,Specific Uses For Product,Recommended Uses For Product,Compatible Devices,Theme,Subject Character,Control Type,Cable Feature,Item Weight,Water Resistance Level,Unit Count,Product Dimensions,Color Name,Connector Type,Hardware Interface,Material Type,Size,Customer Reviews,Best Sellers Rank,Frequency Response,Is Discontinued By Manufacturer,Language,Country of origin,Impedance,Frequency Range,Standing screen display size,Battery Charge Time,Battery type,Compatible Phone Models,Hardware Platform,Voltage
"P9 Wireless Bluetooth Headset, Pure Stereo Audio Support Memory Card (Black)",2.7 out of 5 stars,365, List Price: EGPÂ 410.40 ,-11%,https://m.media-amazon.com/images/I/51rjcxo4+dL._AC_SY355_.jpg,"About this item
Brand: Year
Connectivity technology: Wireless
Special feature: Lightweight
Material: Rubber
Control type: Voice Control",Year,Black,Over Ear,Active Noise Cancellation,105 dB,Year,Wireless,Bluetooth,Lightweight,"Ear Cushions, Headband",1 Lithium Polymer batteries required. (included),24.2 x 20.8 x 6.5 cm; 200 g,9 May 2023,Generic,B0C4Q4HFSJ,Year,"[{'Reviewer': 'Ahmed Abdoo', 'Rating': '1.0 ', 'Date': 'Reviewed in Egypt on 6 June 2024', 'Review': 'Ø¬ÙˆØ¯Ø© Ø§Ù„ØµÙˆØª Ø³ÙŠØ¦Ø© Ù„Ù„ØºØ§ÙŠØ©'}, {'Reviewer': 'Nehal Samy', 'Rating': '5.0 ', 'Date': 'Reviewed in Egypt on 11 November 2023', 'Review': 'Ø®Ø§Ù…Ø© Ø¬ÙŠØ¯Ø© Ùˆ ÙŠØ³ØªØ§Ù‡Ù„ Ø§Ù„Ù…Ø¨Ù„Øº Ùˆ Ø§Ù„Ø³Ù…Ø§Ø¹Øª Ù…Ø¨Ø·Ù†Ù‡ Ùˆ Ù…Ø±ÙŠØ­Ø© Ù Ø§Ù„Ø§Ø³ØªØ®Ø¯Ø§Ù…'}, {'Reviewer': 'Marco Sawiris', 'Rating': '1.0 ', 'Date': 'Reviewed in Egypt on 9 November 2023', 'Review': 'Ø§ÙˆÙ„Ø§ Ù…ÙÙ‡Ø§Ø´ Ø§Ù„ØºØ§Ø¡ Ø§Ù„Ø¶ÙˆØ¶Ø§Ø¡ Ù„Ø§ÙƒÙ† ÙÙŠÙ‡Ø§ Ø±Ø§Ø¯ÙŠÙˆ Ù…Ø¯Ù…Ø¬\nØ«Ø§Ù†ÙŠØ§ Ø§Ù„Ø³Ù…Ø¹Ø§Øª Ø¬ÙˆØ¯Ø© Ø§Ù‚Ù„ Ù…Ù† Ø¬ÙˆØ¯Ø© Ø¨ÙŠØ± Ø§Ù„Ø³Ø§Ù… Ø¨Ù…Ø±Ø§Ø­Ù„\nØ®Ø§Ù…Ø§Øª Ø¶Ø¹ÙŠÙØ© Ù…ØªÙ‡Ø§Ù„ÙƒØ©\nØ¬ÙˆØ¯Ø© Ø§Ù„ØµÙˆØª ÙƒØ§Ù†Ùƒ Ø­Ø§Ø·Ø· Ø§Ù„Ù…ÙˆØ¨ÙŠÙ„ Ø¬ÙˆØ© ÙƒÙ†ÙƒØ©\nÙ„Ø§ Ø§Ù†ØµØ­ Ø¨Ø´Ø±Ø§Ø¡ Ù‡Ø°Ù‡ Ø§Ù„Ø³Ù…Ø§Ø¹Ø© Ù…Ø·Ù„Ù‚Ø§Ù‹'}, {'Reviewer': 'Mikka', 'Rating': '3.0 ', 'Date': 'Reviewed in Egypt on 28 December 2023', 'Review': ""It's nice but has low voice sometimes it doesn't connect with my phone""}, {'Reviewer': '9illxli2', 'Rating': '4.0 ', 'Date': 'Reviewed in Egypt on 5 May 2024', 'Review': 'Ø­Ù„ÙˆÙ‡ Ùˆ ØµÙˆØªÙ‡Ø§ Ø¹Ø§Ù„ÙŠ Ø§Ù„Ø¬ÙˆØ¯Ù‡ ÙƒÙˆÙŠØ³Ù‡ ÙŠØ¹Ù†ÙŠ Ø¨Ø³ Ø¬Øª ÙØ§ØµÙ„Ù‡'}]",,,,,,,,,,,,,,,,,,,,,,,,,,,,,,,,,,
Sony mdrzx110apblack wired headphones - black Headset Wired,4.0 out of 5 stars,599, List Price: EGPÂ 785.00 ,-24%,https://m.media-amazon.com/images/I/51soHsaRlDL._AC_SY355_.jpg,"About this item
Connectivity technology: wired acoustic bass booster for incredible bass response
30mm drivers for wide frequency response (5 - 22 kHz) in-line microphone for hands-free phone calling
Lightweight On-the-ear design with swivel design for portability free smart key app for customized in-line remote function",Sony,Black,On Ear,None,94 dB,MDRZX110AP,Wired,Handy,Foldable,"user manual, ear cushions, protective case, cable",,,23 June 2014,,B00KXL99GW,MDRZX110AP,"[{'Reviewer': 'Walaa', 'Rating': '5.0 ', 'Date': 'Reviewed in Egypt on 18 July 2024', 'Review': 'Ø®ÙÙŠÙØ© Ø¬Ø¯Ø§ ÙˆØ§Ù„ØµÙˆØª ÙƒÙˆÙŠØ³ Ø§Ø³ØªØ®Ø¯Ø§Ù… Ù¥ Ø´Ù‡ÙˆØ± Ø¯Ù„ÙˆÙ‚ØªÙŠ ÙˆÙ„Ø³Ù‡ ÙƒÙˆÙŠØ³Ø©'}, {'Reviewer': 'Adham Ghonem', 'Rating': '4.0 ', 'Date': 'Reviewed in Egypt on 19 July 2024', 'Review': 'ØµÙˆØª Ù†Ù‚ÙŠ Ø¨Ø³ Ù…Ø´ Ø¹Ø§Ù„ÙŠ ÙˆØ§Ù„Ù…Ø§ÙŠÙƒ Ø¨ÙŠØ·Ù„Ø¹ ØµÙˆØª ÙˆØ§Ø¶Ø­ Ø­Ø¬Ù…Ù‡Ø§ ØµØºÙŠØ± Ø¨Ø³ Ù…Ø±ÙŠØ­Ø©'}, {'Reviewer': 'Ø§Ø­Ù…Ø¯ Ù†ØµÙŠØ±', 'Rating': '5.0 ', 'Date': 'Reviewed in Egypt on 17 July 2024', 'Review': 'Ø³Ø¹Ø± ÙˆØ¬ÙˆØ¯Ø© Ù…Ù…ØªØ§Ø²ÙŠÙ†'}, {'Reviewer': 'user-MQGG6U1', 'Rating': '3.0 ', 'Date': 'Reviewed in Egypt on 29 June 2022', 'Review': 'ØµÙˆØª Ù…ÙˆØ²ÙˆÙ† Ø§Ù„Ù‰ Ø­Ø¯ Ù…Ø§ØŒ ØµÙˆØª Ø§Ù„Ø¨ÙŠØ² Ø¹Ø§Ù„ÙŠ Ø¨Ø¹Ø¶ Ø§Ù„Ø´ÙŠ ÙÙŠØºØ·ÙŠ Ø¹Ù„Ù‰ Ø§Ù„Ù†ØºÙ…Ø§Øª Ø§Ù„Ù…ØªÙˆØ³Ø·Ø© ÙˆØ§Ù„Ø¹Ø§Ù„ÙŠØ© ÙˆÙ„Ø§ØªØ¹Ø²Ù„ ÙˆÙ„ÙƒÙ† Ø¨Ø§Ù„Ù†Ø³Ø¨Ø© Ù„Ù„Ø³Ø¹Ø± Ù„Ø§ Ø¨Ø£Ø³ Ø¨Ù‡Ø§ØŒ Ø§Ù†ØµØ­ Ø¨Ù‡Ø§ Ù„Ù„Ø¨Ø±Ø§Ù…Ø¬ ÙˆØ§Ù„Ø§ÙÙ„Ø§Ù… ÙˆÙ„Ù„Ø§Ø·ÙØ§Ù„ØŒ ÙˆÙ„ÙƒÙ† Ù„ÙŠØ³ Ù„Ù„Ù…ÙˆØ³ÙŠÙ‚Ù‰.'}, {'Reviewer': 'A. M. Gad', 'Rating': '4.0 ', 'Date': 'Reviewed in Egypt on 17 August 2024', 'Review': 'My nephew thinks they are really good!'}]",Over Ear,3.5 mm Jack,Adult,Plastic,music,Calling,All,Video Game,no subject character,Volume Control,Tangle Free,120 g,Not Water Resistant,1 1,20.32 x 5.08 x 15.24 cm; 120 g,Black,3.5mm Jack,3.5mm Audio,Plastic,One Size,"4.04.0 out of 5 stars1,862 ratings4.0 out of 5 stars",#270 in Electronics (See Top 100 in Electronics)#5 inOver-Ear Headphones,,,,,,,,,,,,
"JBL Tune 720BT Wireless Over-Ear Headphones, Pure Bass Sound, Bluetooth 5.3, 76H Battery, Hands-Free Call, Multi-Point Connection, Foldable, Detachable Audio Cable - Purple, JBLT720BTPUR",4.7 out of 5 stars,"2,880"," List Price: EGPÂ 4,001.00 ",-28%,https://m.media-amazon.com/images/I/51QSOQIOVEL._AC_SY355_.jpg,"About this item
[JBL Pure Bass Sound] - The JBL Tune 720BT feature the renowned JBL Pure Bass sound, the same that powers the most famous venues all around the world.
[Wireless Bluetooth 5.3 Technology] - Wirelessly stream high-quality sound from your smartphone without messy cords with the help of the latest Bluetooth technology.
[Customize your Listening Experience] - Download the free JBL Headphones App to tailor the sound to your taste with the EQ. Voice prompts in your language guide you through the Tune 720BT features.
[Up to 76H Battery Life and Speed Charge (5mins = 3H)] - For long-lasting fun, listen wirelessly for up to 76 hours and recharge the battery in as little as 2 hours with the convenient Type-C USB cable. A quick 5-minute recharge gives you 3 additional hours of music.
[Hands-Free Calls with Voice Aware] - Easily control your sound and manage your calls from your headphones with the convenient buttons on the ear-cup. Hear your voice while talking, with the help of Voice Aware.",JBL,Purple,Over Ear,None,101 dB,Bluetooth Headphone,Wireless,,,,1 Lithium Ion batteries required.,,7 September 2023,JBL,B0BYWL45MS,JBLT720BTPUR,"[{'Reviewer': 'Razan', 'Rating': '5.0 ', 'Date': 'Reviewed in Egypt on 28 August 2024', 'Review': ""My favorite brand of headphones. Great mic isolation and the sound quality is booooming, especially with the app. Not to mention the battery life. I bought it 12 days ago, still haven't charged it since purchase. Totally worth the money""}, {'Reviewer': 'Eduarda', 'Rating': '5.0 ', 'Date': 'Reviewed in Brazil on 28 February 2024', 'Review': 'Decidi comprar esse modelo por causa da bateria e estou muito contente, usei ele por 2 dias seguidos (mÃ©dia de 12h), e a bateria simplesmente nÃ£o saiu de 80% (a carga que jÃ¡ veio nele), achei o carregador muito bom tambÃ©m, a entrada tipo C bastante conveniente pra quem usa android. Achei as almofadas muito boas e confortÃ¡veis, ele nÃ£o tem um isolamento de ruÃ­dos perfeito, mas Ã© bem decente, o formato dele impede que fique apertado na cabeÃ§a (Ã© isso que afeta o isolamento), o que Ã© muito bom quando se usa por vÃ¡rias horas seguidas, nÃ£o senti que as almofadas esquentaram tanto, mas deu uma incomodada em certo momento (levando em consideraÃ§Ã£o que moro no norte do paÃ­s e a mÃ©dia aqui Ã© 37Â°C). Vi algumas pessoas reclamando do volume, eu achei bom, nÃ£o vai fazer maravilhas se alguÃ©m estiver falando muito perto, mas Ã© o suficiente pra andar na rua sem ouvir nada ou ir Ã  academia em horÃ¡rio de pico. O formato dele me incomodou um pouco, sei que faz parte da identidade visual, mas essa aparÃªncia mais quadrada me dÃ¡ a impressÃ£o de deixar a pessoa mais cabeÃ§uda kkkkk. A embalagem dele Ã© Ã³tima, ele vem dentro de uma sacola protetora que Ã© muito boa pra transportÃ¡-lo caso vocÃª nÃ£o tenha uma case, a caixa do produto Ã© bem compacta, o que agrada bastante pois Ã© fÃ¡cil de guardar. Recomendo que peÃ§am pra ser enviado na embalagem da Amazon, Ã© muito mais seguro, visto que a embalagem dele Ã© bem chamativa. A entrega foi bem rÃ¡pida, 2 semanas somente (a previsÃ£o era de 2 meses). Gostei bastante do aplicativo, ele Ã© fÃ¡cil, simples, bem direto e funcionou imediatamente. Adorei a funÃ§Ã£o de rastreamento dele (atravÃ©s do Google, nÃ£o sei tem pra iOS), nem sabia que ele tinha isso, mas gostei muito. Outra boa surpresa foi o microfone, funciona MUITO bem pra gravar Ã¡udio e o som nÃ£o tem granulaÃ§Ã£o, fica perfeito, pra realizar chamadas tambÃ©m Ã© muito prÃ¡tico. Ã‰ um fone bastante conveniente e compacto, ideal pra usar no dia a dia, nÃ£o sei se Ã© o melhor pra atividades de impacto (como corrida ou crossfit), pois nÃ£o testei.\nRead more'}, {'Reviewer': 'Abeer', 'Rating': '5.0 ', 'Date': 'Reviewed in Saudi Arabia on 31 August 2024', 'Review': 'Ù…Ù…ØªØ§Ø²Ø©'}, {'Reviewer': 'Yekta', 'Rating': '5.0 ', 'Date': 'Reviewed in Turkey on 18 August 2024', 'Review': 'Eski jbllerde olmayan BÃ¼tÃ¼n KulaÄŸÄ±mÄ± Kaplayan yapÄ±sÄ± gayet gÃ¼zel ve ses kalitesi mÃ¼kemmel'}, {'Reviewer': 'Ø¹Ù„ÙŠ Ù…Ø­Ù…Ø¯ Ø­ÙŠØ§Ù†', 'Rating': '5.0 ', 'Date': 'Reviewed in Saudi Arabia on 7 August 2024', 'Review': 'Ø§Ù„Ø³Ù…Ø§Ø¹Ø© ØµØ§Ø± Ù„Ù‡Ø§ Ø¹Ù†Ø¯ÙŠ Ù…Ù…ÙƒÙ† 6 Ø§Ø´Ù‡Ø± ÙˆØ§Ù„Ø³Ù…Ø§Ø¹Ø© Ø§Ù„Ù‰ Ø§Ù„Ø§Ù† ØªØ´ØªØºÙ„ Ø¨Ø´ÙƒÙ„ Ù…Ù…ØªØ§Ø² ÙˆØ§Ù„Ø¨Ø·Ø§Ø±ÙŠØ© ÙƒÙˆÙŠØ³Ù‡ Ù…Ø±Ù‡ ØªØ·ÙˆÙ„ Ù…Ø¹Ø§ÙŠ Ø§Ù„Ù‰ Ø§ÙŠØ§Ù… Ù…Ø¹ Ø§Ù† Ø§Ø³ØªØ®Ø¯Ø§Ù…ÙŠ Ø«Ù‚ÙŠÙ„'}]",On Ear,3.5 mm Jack,,,,,,,,,,,,,50 x 50 x 28 cm; 220 g,,,,,,,,20,No,English,,,,,,,,,
"Sony WH-CH520 Wireless Bluetooth On-Ear with Mic for Phone Call, Black",4.4 out of 5 stars,"2,680"," List Price: EGPÂ 3,999.00 ",-33%,https://m.media-amazon.com/images/I/41lArSiD5hL._AC_SY355_.jpg,"About this item
Brand: Sony
Connectivity technology: Bluetooth
Headphones form factor: On Ear
Material: Plastic
Special feature: Bluetooth V5.0",Sony,Black,On Ear,None,104 dB,Sony WH-CH520 - Black,Wireless,Bluetooth,,,1 Lithium Polymer batteries required. (included),,12 February 2023,Sony,B0BS1PRC4L,WHCH520/B,"[{'Reviewer': 'Alan F. Jordano', 'Rating': '5.0 ', 'Date': 'Reviewed in the United States on 31 July 2024', 'Review': 'The product arrived well packaged. There was a delivery delay but it was not horrendous and to be expected given that it was ordered during Parime Days,\n\nThe headphones arrived almost fully charged, Set up was relatively easy, but you really do need to use their app to complete the set up process. The app also allows you to change some settings and select equalizer settings that work for you.\n\nThe switches have a nice feel to them. They do have raised areas designed to help you find the correct switch by feel. There are times however when I find that it is easier to adjust the volume using the phone or I remove the headphone to make a change. This is a very subjective items so you may not have the same issue. No stars were deducted for that reason.\n\nThese are an on ear device. It was not uncomfortable to me, but it did take some getting used to and here again...Personal preference comes into play. On a warm and humid day you may experience some sweating where the ear cup rides on your ear. That may allow for some movement / shifting of the headphone depending on what you are doing. They may thus not work out well for use doing exercising as an example.\n\nThe sound quality is great at this price point. I have Bose ear buds. The sound from this device is not Bose quality and you should not expect it to be Bose quality. It is good to very good however. The equalizer settings allow you to control all five typical equalizer settings PLUS a separate adjustment for th4 bass.\n\nParing was easy and fast. The connection remains stable most of the time. There is a selection that allows you to select either top quality sound or a more stable connection. I chose sound quality an the vast majority of the time the connection was stable with no noise present. There may be times however, that due to local conditions / interference you may have a little popping or very brief drop out. I have worn these headphones a LOT since they arrived and while I have experienced that, it was very limited. Now I also have a lot of electric / electronic devices in use on my property and that will may explain what I experienced. I did have some interference from some household devices when I wass very close to them.\n\nThe battery life seems to be very good. I have worn m for several hours and the voice system still indicates 100% at startup. Unlike my Bose products the battery monitoring system is not linear where it will call out 100%, 90%, 80%b etc... It may call out 100% until the battery hits 50% (As an example) and then te voice system will drop from stating 100% to 50%. I do not see that as an issue or negative given the very long stated by the manufacturer battery life, and I have no disagreement with their claims about battery life aty this point in time,\n\nSo again...Thus far I am very pleased with the fit, quality, and sound quality of these headphones. Do bed aware that tey are NOT noise cancelling. There will be some outside noise reduction dur to the ear cups of course.\nRead more'}, {'Reviewer': 'Jorge Moriyoshi Miyazato', 'Rating': '5.0 ', 'Date': 'Reviewed in Brazil on 10 July 2024', 'Review': 'Fone leve, confortÃ¡vel, graves e agudos regulÃ¡veis pelo aplicativo da Sony, Ã³tima qualidade sonora.\nFaltou o desligamento automÃ¡tico apÃ³s algum tempo de inatividade.'}, {'Reviewer': 'BrettP', 'Rating': '5.0 ', 'Date': 'Reviewed in Canada on 6 July 2024', 'Review': ""These headphones are a fantastic buy. Over the years I've bought quite a few lower-proced options, because I couldn't see the point in spending a fortune on just, well, headphones. I love my music, but I have better things to do with hundreds of dollars.\nTired of endless buzz from cheaper options, I spent a tiny bit more to buy these - and I was blown away. Wow, is all I can say. The sound is incredible. They're light and comfortable on the ear. And they also fold up small to fit into a small bag.\nI also found they charge pretty quickly in about 3 hours and play for ages before needing a new charge - mine lasted for about 48 hours when I first tested them.\nOverall, this was a very good buy.""}, {'Reviewer': 'Souza Lima, D.', 'Rating': '5.0 ', 'Date': 'Reviewed in Brazil on 10 May 2024', 'Review': 'O som muito bom, e gravaÃ§Ãµes de Ã¡udio no Whatsapp saem com boa qualidade. Ã‰ reconhecido rÃ¡pido no Bluetooth do smartphone.\nA cor e o modelo sÃ£o bonitos e prÃ¡ticos. Um custo/benefÃ­cio bom.'}, {'Reviewer': 'Alberto G.', 'Rating': '5.0 ', 'Date': 'Reviewed in Mexico on 26 December 2023', 'Review': 'Muy cÃ³modos, en mi trabajo participo en muchas reuniones virtuales y hay dÃ­as en que los traigo puestos tal vez 5 o 6 horas seguidas sin quitÃ¡rmelos y no me molestan, a veces hasta se me olvida que los traigo. Excelente conectividad bluetooth con el celular y laptop, se pueden conectar ambos a la vez. En el gimnasio los he usado corriendo y haciendo todo tipo de ejercicios y son cÃ³modos, ligeros y no se mueven. Los he sudado y la cubierta de las almohadillas no se ha daÃ±ado nada. El audio es buenÃ­simo, muy bien nivelado y aunque no tienen cancelaciÃ³n de ruido, con un volumen moderado y por las mismas almohadillas, aisla lo suficientemente bien como para que los ruidos o mÃºsica del gimnasio, por ejemplo, queden muy en el fondo. Nunca ha sido necesario subir al mÃ¡ximo el volumen. AdemÃ¡s con la app puedes ecualizar a tu gusto, tambiÃ©n recomiendo, si usas Spotify, ecualizar ahÃ­ para tener la mejor experiencia posible. La baterÃ­a dura muchÃ­simo, en 3 meses de uso usÃ¡ndolos en promedio 3 o 4 horas diarias y solo los he puesto a cargar 3 veces. Cargan muy rÃ¡pido tambiÃ©n. El Ãºnico detalle que les he encontrado es que con mi SmartTV Hisense, jugando Playstation tiene un delay de medio segundo o 1 segundo, y con Youtube cada 40 segundos o 1 minuto ""se brinca"" o ""se come"" como 1 segundo tanto del audio como del video. Pero para mi no ha sido problema porque realmente solo los uso para escuchar mÃºsica desde mi celular y para tener llamadas de trabajo. En resumen, son cÃ³modos, lucen bien, sobrios y de buena calidad, muy buen audio y excelente rendimiento de baterÃ­a.\nRead more'}]",Over Ear,3.5 mm Jack,,,,,,,,,,,,,17.39 x 4.48 x 19.72 cm; 144.58 g,,,,,,,,,No,,Virgin Islands (U.S.),,,,,,,,
JBL Tune 110 Wired Earphone - Black earphones Airpods earbuds headphones,3.9 out of 5 stars,275, List Price: EGPÂ 371.00 ,-26%,https://m.media-amazon.com/images/I/517PEinfpIL._AC_SX355_.jpg,"About this item
Unique and fashionable design.
Country of Origin: China
Made of is high quality
Compatible with multiple devices and easy to use
Unique and fashionable design.",JBL,Black,In Ear,Sound Isolation,95 dB,JBL T110,,,,,1 Lithium Polymer batteries required.,,27 April 2017,JBL,B06VWPCYFD,JBLT110BLK,"[{'Reviewer': 'ali', 'Rating': '5.0 ', 'Date': 'Reviewed in Egypt on 10 July 2024', 'Review': 'Ø§Ù„ØµÙˆØª ÙƒÙˆÙŠØ³ Ø¬Ø¯Ø§ ÙˆÙ†Ù‚Ù‰ Ø§Ù„Ø³Ù…Ø§Ø¹Ù‡ Ø¨Ø§Ù„Ù†Ø³Ø¨Ù‡ Ù„Ø³Ø¹Ø±Ù‡Ø§ Ø¬Ù…ÙŠÙ„Ù‡ Ø§Ù„Ø®Ø§Ù…Ø§Øª ÙƒÙˆÙŠØ³Ù‡'}, {'Reviewer': 'Ahmed Adel Ahmed', 'Rating': '5.0 ', 'Date': 'Reviewed in Egypt on 25 May 2024', 'Review': 'Ø§Ù„ØµÙˆØª Ù…Ø­ØªØ±Ù… Ø¬Ø¯Ø§Ù‹ ÙˆØ§Ù„Ù…Ø§ÙŠÙƒ ØªØ­ÙÙ‡'}, {'Reviewer': 'Abdo', 'Rating': '4.0 ', 'Date': 'Reviewed in Egypt on 23 July 2024', 'Review': 'ÙƒÙˆÙŠØ³Ø© Ø¨Ø³ Ø§Ù„ØµÙˆØª Ø­Ø§Ø¯ Ø´ÙˆÙŠØ© ÙØ¹Ù„Ø§ Ø²ÙŠ Ø§ØºÙ„Ø¨ Ø§Ù„Ø±ÙŠÙÙŠÙˆÙ‡Ø§Øª Ù…Ø§Ø¨ØªÙ‚ÙˆÙ„'}, {'Reviewer': 'Sarah Seif', 'Rating': '1.0 ', 'Date': 'Reviewed in Egypt on 13 July 2024', 'Review': 'EArbuds break very easily.'}, {'Reviewer': 'Juji', 'Rating': '5.0 ', 'Date': 'Reviewed in Egypt on 7 May 2024', 'Review': 'Best value for the money , nice sound and it gets really loud when maxed , mic is good enough not bad'}]",Over Ear,3.5 mm Jack,,,,,,,,,,,,,3 x 17.5 x 6 cm; 28.35 g,,,,,,,,1204,No,,Virgin Islands (U.S.),16 Ohm,,,,,,,
"Anker Soundcore By Anker R50i True Wireless Earbuds 10mm Drivers with Big Bass, Bluetooth 5.3, 30H Playtime, IPX5-Water Resistant, AI Clear Calls with 2 Mics, 22 Preset EQs via App, 18 Months Warranty",4.0 out of 5 stars,949," List Price: EGPÂ 1,908.00 ",-50%,https://m.media-amazon.com/images/I/517T+qc6dXL._AC_SY450_.jpg,"About this item
Soundcore is Ankerâ€™s audio brand, our signature sound is loved by 10 million+ people around the world.
Hi-Res Certified Sound: The Hi-Res logo is a guarantee of exceptional audio quality, awarded to audio devices capable of producing a highly accurate representation of what the artist intended to be heard. Unlike ordinary headphones, Life Q10 delivers sound up to 40 kHz for the richest listening experience.
BassUp: Our exclusive BassUp technology analyzes your audioâ€™s low frequencies in real-time and instantly increases the bass. Combined with oversized 40mm dynamic drivers, bass power is boosted up to 100%. A button on the right earcup of the wireless over ear headphones activates BassUp.
60-Hour Playtime*: An advanced Bluetooth chip with reduced power draw combines with Ankerâ€™s world-renowned power technology to offer enormous playtime, even for wireless over ear headphones. Listen for 2 hours a day for an entire month.
Fast-Charging: In a rush? Charge Life Q10 wireless over ear headphones for 5 minutes and listen for up to 5 hours. With a USB-C charging port for charging convenience and expanded compatibility.",Anker,black,In Ear,Active Noise Cancellation,99 dB,Soundcore By Anker R50i True Wirel,Wireless,Bluetooth,Water-Resistant,,,,7 June 2023,soundcore,B0C7CQT9ZS,A3949H12,"[{'Reviewer': 'Bishoy Osama', 'Rating': '5.0 ', 'Date': 'Reviewed in Egypt on 17 August 2024', 'Review': 'Ø¬Ù…ÙŠÙ„Ù‡ Ùˆ ØµÙˆØªÙ‡Ø§ Ù†Ù‚ÙŠ Ùˆ Ø§Ù„Ø¹Ø²Ù„ ÙÙŠÙ‡Ø§ Ù…Ø´ ÙˆØ­Ø´ Ùˆ Ø§Ù„Ø¨Ø·Ø§Ø±ÙŠÙ‡ Ø¨ØªÙ‚Ø¹Ø¯ Ù…Ù…ÙƒÙ† Ù¡Ù¥ ÙŠÙˆÙ… Ù„Ùˆ Ø§Ø³ØªØ¹Ù…Ø§Ù„ Ø¹Ø§Ø¯ÙŠ'}, {'Reviewer': 'user-MDS85W1', 'Rating': '4.0 ', 'Date': 'Reviewed in Egypt on 27 August 2024', 'Review': 'Ø§Ù„Ø³Ù…Ø§Ø¹Ø© Ù‚ÙˆÙŠØ© ÙÙŠ Ø§Ù„ØµÙˆØª Ùˆ bass ... Ø¹ÙŠØ¨Ù‡Ø§ ÙÙŠ Ø§Ù„Ù…ÙƒØ§Ù„Ù…Ø§Øª ÙÙŠ Ù…ÙƒØ§Ù† ÙÙŠÙ‡ Ø¯ÙˆØ´Ø© Ø§Ùˆ Ù‡ÙˆØ§Ø¡ Ø´Ø¯ÙŠØ¯ Ø§Ù…Ø§Ù… Ø§Ù„Ø³Ù…Ø§Ø¹Ø©'}, {'Reviewer': 'mohamed magdy', 'Rating': '5.0 ', 'Date': 'Reviewed in Egypt on 23 August 2024', 'Review': 'ÙƒÙ†Øª Ù…ØªØ±Ø¯Ø¯ Ø¬Ø¯Ø§ ÙˆØ§Ù†Ø§ Ø¨Ø´ØªØ±ÙŠÙ‡Ø§ Ø®ØµÙˆØµØ§ Ø§Ù†Ù‰ ÙƒØ§Ù† Ù…Ø¹Ø§ÙŠØ§ Ù‡ÙˆÙ†ÙˆØ± Ø´ÙˆÙŠØ³ Ø§ÙƒØ³ 1 ÙˆÙƒØ§Ù† Ø§Ø¯Ø¦Ù‡Ø§ Ø¬Ù…ÙŠÙ„ ÙˆÙƒÙ†Øª Ø®Ø§ÙŠÙ Ø§ÙƒÙˆÙ† Ø¨Ù†Ø²Ù„ ÙØ§Ù„Ù…Ø³ØªÙˆÙ‰ Ø¨ØªØ§Ø¹ Ø¬ÙˆØ¯Ø© Ø§Ù„ØµÙˆØª ÙˆØ§Ù„Ù…Ø§ÙŠÙƒ ÙˆÙƒÙ…Ø§Ù† Ø¹Ù„Ø´Ø§Ù† ØµØ­Ø© Ù…Ø³ØªÙˆÙ‰ Ø§Ù„Ø³Ù…Ø¹\nØ´ÙˆÙØª Ø±ÙŠÙÙŠÙˆÙ‡Ø§Øª ÙƒØªÙŠØ± Ø¬Ø¯Ø§ Ù„Ø­Ø¯ Ù…Ø§ÙˆØµÙ„Øª Ù„Ø´ÙˆÙŠØ© Ø­Ø§Ø¬Ø§Øª Ù…Ù‡Ù…Ø©\nØ§Ù„Ù†Ø³Ø®Ø© R50i Ù‡Ù‰ Ù†ÙØ³Ù‡Ø§ p20 Ùˆ p25 Ø§Ù„Ø§Ø®ØªÙ„Ø§Ù Ø§Ù†Ù‡Ø§ Ø§ØµØ¯Ø§Ø±Ø§Øª Ù„Ø¯ÙˆÙ„ Ù…Ø®ØªÙ„ÙØ© Ø¨Ø§Ø³Ù…Ø§Ø¡ Ù…Ø®ØªÙ„ÙØ© Ù„ÙƒÙ† Ù†ÙØ³ Ø§Ù„Ø´ÙƒÙ„ ÙˆØ§Ù„Ù…ÙˆØ¯ÙŠÙ„ ÙˆØ§Ù„ØµÙˆØª ÙˆÙƒÙ„ Ø­Ø§Ø¬Ø© ÙØ£Ù†Øª Ø§Ø´ØªØ±Ù‰ Ø§Ù„Ù…ØªØ§Ø­ Ù‚Ø¯Ø§Ù…Ùƒ Ø¹Ù„Ù‰ Ø§Ù„Ù…ÙˆÙ‚Ø¹ Ø§Ù„Ø§Ø±Ø®Øµ ÙÙŠÙ‡Ù… Ù…Ø¹ Ø§Ù„Ø¹Ù„Ù… Ø§Ù† R50i Ø¯Ù‰ Ø§Ù„Ù„Ù‰ Ù†Ø§Ø²Ù„Ø© Ù…ØµØ±\nØµÙˆØª Ø§Ù„Ø¨ÙŠØ² ÙˆØ§Ù„ØªØ±ÙŠØ¨Ù„ Ø¨ØªØ§Ø¹ Ø§Ù„Ø³Ù…Ø§Ø¹Ø© Ø¬Ù…ÙŠÙ„ Ø¬Ø¯Ø§ Ø­ØªÙ‰ Ø§ÙƒØªØ± Ù…Ù† Ø§Ù„Ù‡ÙˆÙ†ÙˆØ± Ø§Ù„Ù„Ù‰ ÙƒØ§Ù†Øª Ù…Ø¹Ø§ÙŠØ§ Ø­Ù‚ÙŠÙ‚Ù‰ Ø§Ù†Ø¨Ù‡Ø±Øª\nÙƒÙ†Øª Ù…Ø­ØªØ§Ø± Ø¨ÙŠÙ†Ù‡Ø§ ÙˆØ¨ÙŠÙ† Ø§Ù„Ù†Ø³Ø®Ø© Ø§Ù„Ø§Ø­Ø¯Ø« R50i NC ÙˆÙˆØµÙ„Øª Ø¨Ø¹Ø¯ ØªØ¬Ø§Ø±Ø¨ ÙˆÙ…Ø±Ø§Ø¬Ø¹Ø§Øª Ù„Ù„Ù…ÙˆØ§ØµÙØ§Øª Ø§Ù† Ø§Ù„Ø¹Ø²Ù„ ÙÙ‰ NC Ù…Ø´ Ø§Ø­Ø³Ù† Ø­Ø§Ø¬Ø© ÙƒÙ…Ø§Ù† Ø§Ù„ÙƒÙŠØ³ Ø¨ØªØ§Ø¹Ø© Ø§Ù„Ø³Ù…Ø§Ø¹Ø§Øª Ù…Ø´ Ù‡ØªØ¹Ø±Ù ØªØ±ÙƒØ¨Ù„Ù‡Ø§ ÙƒÙØ± Ø³ÙŠÙ„ÙŠÙƒÙˆÙ† Ø­Ù…Ø§ÙŠØ© Ù„Ø§Ù† Ø§Ù„Ø¸Ù‡Ø± Ø¨ÙŠØªÙØªØ­ Ø¹Ù„Ø´Ø§Ù† ØªØ³Ù†Ø¯ Ø¹Ù„ÙŠÙ‡ Ø§Ù„ÙÙˆÙ†\nR50i ÙÙŠÙ‡Ø§ Ø¬ÙŠÙ… Ù…ÙˆÙˆØ¯ ÙˆØ¯Ù‡ Ù…Ø¹Ù†Ø§Ù‡ Ø§Ù†Øª Ø¨ØªÙ„Ø¹Ø¨ ÙˆØ³Ø§Ù…Ø¹ Ø§Ù„ØµÙˆØª Ø¨Ù…Ø²Ø§Ù…Ù†Ø© ÙÙ†ÙØ³ Ø§Ù„ÙˆÙ‚Øª Ø¨Ø¯ÙˆÙ† ØªØ£Ø®ÙŠØ± Ø§Ù…Ø§ Ø§Ù„Ù†Ø³Ø®Ø© Ø§Ù„NC Ù…ÙÙŠØ´ ÙÙŠÙ‡Ø§ Ø¬ÙŠÙ… Ù…ÙˆØ¯\nØµÙˆØª Ø§Ù„R50i Ø§Ù†Ù‚Ù‰ ÙˆØ§Ø­Ø³Ù† ÙˆØ§Ù„ØªØ±ÙŠØ¨Ù„ Ø§ÙØ¶Ù„ Ù…Ù† Ø§Ù„Ù†Ø³Ø®Ø© Ø§Ù„Ø§Ø­Ø¯Ø« ÙƒÙ…Ø§Ù†\nØ§Ù„ÙØ±Ù‚ Ø§Ù„ÙˆØ­ÙŠØ¯ Ù‡Ùˆ Ø§Ù† Ø³Ø§Ø¹Ø§Øª Ø§Ù„ØªØ´ØºÙŠÙ„ Ø§ÙƒØªØ± Ø´ÙˆÙŠØ© Ø¨Ø¯Ù„ 30 Ù‡ØªØ¨Ù‚Ù‰ 45 Ùˆ noise cancelation Ø¹Ø²Ù„ Ø§Ù„Ø¶ÙˆØ¶Ø§Ø¡ Ø§ÙØ¶Ù„ Ø´ÙˆÙŠØ© Ø¨Ø³Ø¨Ø¨ Ø§Ù† ÙÙŠÙ‡ Ù…Ø§ÙŠÙƒÙŠÙ† Ø²ÙŠØ§Ø¯Ø© Ù„ÙƒÙ† ØºÙŠØ± ÙƒØ¯Ù‡ R50i Ø§ÙØ¶Ù„\nØ·Ø¨Ø¹Ø§ Ù…ØªØ§Ø­ Ø¬Ø±Ø§Ø¨Ø§Øª Ø§Ø´ÙƒØ§Ù„ ÙˆØ§Ù„ÙˆØ§Ù† Ø¨Ø³ ÙÙŠÙ‡ Ù†Ù‚Ø·Ø© Ø§Ù† Ø§Ù„Ø¬Ø±Ø§Ø¨ Ø¨Ù„Ø²Ù‚ Ø¯Ø¨Ù„ ÙÙŠØ³ ÙØ¸Ø¨Ø·Ù‡ ÙƒÙˆÙŠØ³ Ø¬Ø¯Ø§ Ù„Ø§Ù† ÙƒØªØ± Ø§Ù„ÙÙƒ ÙˆØ§Ù„ØªØ±ÙƒÙŠØ¨ Ù‡ØªØ¨ÙˆØ¸ Ø§Ù„ÙƒÙØ± Ø§Ù„Ø³ÙŠÙ„ÙŠÙƒÙˆÙ† ÙˆÙŠØ¨Ù‚Ù‰ Ø¶Ø¹ÙŠÙ\nØ¨ØªÙŠØ¬Ù‰ Ø¨Ø¯Ù„Ø§ÙŠØ© Ø´ÙƒÙ„Ù‡Ø§ Ù…Ø­ØªØ±Ù… Ø¬Ø¯Ø§ Ù„Ù„ØªØ¹Ù„ÙŠÙ‚ ÙˆØ§Ù†Ùƒ ØªÙ…Ø³ÙƒÙ‡Ø§ Ù…Ù†Ù‡Ø§ Ø·Ø¨Ø¹Ø§ Ø¨ØªÙŠØ¬Ù‰ Ø±Ø§ÙƒØ¨Ø© ÙØ§Ù„Ø³Ù…Ø§Ø¹Ø© ÙÙ„Ø§Ø²Ù… ØªØ®Ù„Ø¹Ù‡Ø§ Ù‚Ø¨Ù„ Ù…Ø§ØªØ±ÙƒØ¨ Ø§Ù„ÙƒÙØ± ÙˆØªØ±ÙƒØ¨Ù‡Ø§ Ù…Ù† ÙÙˆÙ‚ Ø§Ù„ÙƒÙØ±\nØ´ÙƒÙ„Ù‡Ø§ Ø´ÙŠÙƒ Ø¬Ø¯Ø§ ÙˆÙ…Ø´ ÙƒØ¨ÙŠØ±Ø© ÙØ§Ù„Ø¬ÙŠØ¨ ÙØ³Ù‡Ù„ ØªØ´ÙŠÙ„Ù‡Ø§\nØ§Ù„Ø¹Ù„Ø¨Ø© Ø¹Ù„ÙŠÙ‡Ø§ Ù…ÙƒØ§Ù† ÙÙŠÙ‡ QR ÙƒÙˆØ¯ Ù‡ØªØ¹Ù…Ù„Ù‡ Ø³ÙƒØ§Ù† Ø¨Ø§Ù„Ù…ÙˆØ¨Ø§ÙŠÙ„ Ù‡ÙŠÙØªØ­Ù„Ùƒ Ù…ÙˆÙ‚Ø¹ Ø§Ù†ÙƒØ± ÙˆØªØ­ØªØ§Ù„ÙƒÙˆØ¯ Ø¹Ù„Ù‰ Ø§Ù„Ø¹Ù„Ø¨Ø© Ù…ÙƒØ§Ù† ØªØ®Ø±Ø¨Ø´Ù‡ ÙˆØªØ§Ø®Ø¯ Ø§Ù„Ø§Ø±Ù‚Ø§Ù… ØªØ¯Ø®Ù„Ù‡Ø§ ÙØ§Ù„Ù…ÙˆÙ‚Ø¹ Ø§Ù„Ù„Ù‰ ÙØªØ­ØªÙ‡ ÙˆÙ‡ÙŠØ£ÙƒØ¯Ù„Ùƒ Ø§Ù„Ø³Ù…Ø§Ø¹Ø© Ø¯Ù‰ Ø§ØµÙ„ÙŠØ© ÙˆÙ„Ø§ Ù„Ø£ Ø§Ùˆ Ù…Ø³ØªØ¹Ù…Ù„Ø© ÙˆØ­Ø¯ Ø¯Ø®Ù„ Ø§Ù„ÙƒÙˆØ¯ ÙˆÙ„Ø§ Ù„Ø£ ÙØ¹Ø¬Ø¨ØªÙ†Ù‰ Ø§Ù„Ø­Ø±ÙƒØ© Ø¯Ù‰ Ø¨ØµØ±Ø§Ø­Ø© ÙˆÙ…Ø´ Ø§Ù‰ Ø­Ø¯ ÙŠØ§Ø®Ø¯ Ø¨Ø§Ù„Ù‡ Ù…Ù†Ù‡Ø§\nØ§Ù„Ø³Ø¹Ø± ÙƒØ§Ù† Ù…Ù†Ø§Ø³Ø¨ Ø¬Ø¯Ø§ ÙˆØ§Ø±Ø®Øµ ÙƒØªÙŠØ± Ù…Ù† Ø§Ù„Ù†Ø³Ø®Ø© Ø§Ù„Ø§Ø¹Ù„Ù‰ NC\nØ§Ù„ØªØ·Ø¨ÙŠÙ‚ Ø¨ØªØ§Ø¹Ù‡Ø§ ØªØ­ÙØ© Ø§Ù„Ù‡ÙˆÙ†ÙˆØ± Ù…ÙƒÙ†Ø´ Ù„ÙŠÙ‡Ø§ ØªØ·Ø¨ÙŠÙ‚ ÙˆØ¯Ù‡ ÙƒØ§Ù† Ù…Ø²Ø¹Ù„Ù†Ù‰ ÙƒØªÙŠØ± Ù„ÙƒÙ† Ø§Ù„R50i ØªØ·Ø¨ÙŠÙ‚Ù‡Ø§ Ù…Ù„Ø§Ù† Ø§Ø¹Ø¯Ø§Ø¯Ø§Øª ÙˆØ§Ù…ÙƒØ§Ù†ÙŠØ© Ø§Ù„ØªØ­ÙƒÙ… ÙÙ‰ Ø§ÙˆØ§Ù…Ø± Ø§Ù„ØªØ§ØªØ´ ÙˆÙ…Ù…ÙƒÙ† ØªØªØ­ÙƒÙ… ÙÙ‰ Ø§Ù„Ø§ÙˆØ§Ù…Ø± ØªØ®Ù„Ù‰ Ø§Ù„ÙŠÙ…ÙŠÙ† Ø§ÙˆØ§Ù…Ø±Ù‡Ø§ Ù…Ø®ØªÙ„ÙØ© Ø¹Ù† Ø§Ù„Ø´Ù…Ø§Ù„ Ø§Ùˆ Ø²Ù‰ Ø¨Ø¹Ø¶\nØ§ÙŠÙƒÙˆÙ„Ø§ÙŠØ²Ø± ÙˆØ§ÙˆØ¶Ø§Ø¹ ÙƒØªÙŠØ± Ø¬Ø¯Ø§ ÙˆØªØ­ÙƒÙ… Ø§Ù„Ø¬ÙŠÙ… Ù…ÙˆØ¯ ÙˆÙƒÙ…Ø§Ù† Ù†Ø³Ø¨Ø© Ø§Ù„Ø´Ø­Ù† Ø¨ØªØ§Ø¹Ø© Ø§Ù„Ø³Ù…Ø§Ø¹Ø© Ø¨ØªØ¸Ù‡Ø± Ù„ÙƒÙ† Ø§Ù„ÙƒÙŠØ³ Ù„Ø§\nØ§Ù„ÙƒÙŠØ³ Ù„ÙŠÙ‡Ø§ Ø§Ø¶Ø§Ø¡Ø§Øª Ø§Ø¨ÙŠØ¶ ÙˆØ§Ø®Ø¶Ø± ÙˆÙÙŠÙ‡ ÙØ±Ù‚\nØ§Ø®Ø¶Ø± Ù…ØªÙ‚Ø·Ø¹ Ø§Ù„Ø´Ø§Ø­Ù† ÙˆØ§ØµÙ„ ÙˆØ¨ØªØ´Ø­Ù† Ø§Ù„ÙƒÙŠØ³\nØ§Ø®Ø¶Ø± Ø«Ø§Ø¨Øª Ø§Ù„Ø´Ø­Ù† Ø§Ù†ØªÙ‡Ù‰ ÙˆØ§ÙØµÙ„ Ø§Ù„ÙƒÙŠØ³\nØ§Ø¨ÙŠØ¶ Ø«Ø§Ø¨Øª Ø§Ù„ÙƒÙŠØ³ Ø±Ø§ÙƒØ¨ ÙÙŠÙ‡Ø§ Ø§Ù„Ø³Ù…Ø§Ø¹Ø§Øª ÙˆØ¨ØªØ´Ø­Ù†\nØ§Ø¨ÙŠØ¶ Ù…ØªÙ‚Ø·Ø¹ Ø§Ù„Ø´Ø­Ù† Ù‚Ù„ÙŠÙ„ ÙØ§Ù„ÙƒÙŠØ³ ÙˆÙ…Ø§Ø²Ø§Ù„Øª Ø¨ØªØ´Ø­Ù† Ø§Ù„Ø³Ù…Ø§Ø¹Ø§Øª\nÙ…ÙÙŠØ´ Ù†ÙˆØ± ÙŠØ¨Ù‚Ù‰ ÙØµÙ„Øª Ø®Ø§Ù„Øµ ÙˆØ­Ø§ÙˆÙ„ Ù…ØªÙˆØµÙ„Ø´ Ù„Ù„Ù…Ø±Ø­Ù„Ø© Ø¯Ù‰ Ø¹Ù„Ø´Ø§Ù† PMS power management system Ù„Ù…Ø§ Ø¨ÙŠÙ„Ø§Ù‚Ù‰ Ø§Ù„Ø´Ø­Ù† ÙˆØµÙ„ Ù„Ù†Ø³Ø¨Ø© Ø­Ø±Ø¬Ø© Ø¨ÙŠÙ‚ÙÙ„ Ø§Ù„Ø´Ø­Ù† ÙˆÙ…Ù…ÙƒÙ† Ø§Ù„Ø³Ù…Ø§Ø¹Ø© ØªØ¨ÙˆØ¸ Ø®Ø§Ù„Øµ Ù…Ø¹Ø¯ØªØ´ ØªÙ‚Ø¨Ù„ Ø´Ø­Ù† Ø§Ù„Ø§ Ø¨ØªØ¯Ø®Ù„ ÙÙ†ÙŠÙŠÙ† ÙˆØ¯Ù‡ Ù…Ø´ ÙØ§Ù„Ø§Ù†ÙƒØ± Ø¨Ø³ Ø¯Ù‡ ÙÙƒÙ„ Ø§Ù„Ø³Ù…Ø§Ø¹Ø§Øª Ø§Ù„Ù…Ø­ØªØ±Ù…Ø© ÙˆØ¯Ù‡ Ø§Ù„Ù„Ù‰ Ø¨ÙˆØ¸ Ø³Ù…Ø§Ø¹ØªÙ‰ Ø§Ù„Ù‚Ø¯ÙŠÙ…Ø© ÙŠØ¹Ù†Ù‰ Ø§Ù„Ø´Ø­Ù† Ø­Ø§Ø³Ù‡ Ù‚Ù„ ØªØ´Ø­Ù† Ø¹Ù„Ù‰ Ø·ÙˆÙ„\nØ§Ù„Ø´ÙƒÙ„ Ø§Ù„Ø§ÙÙ‚Ù‰ Ù„Ù„Ø³Ù…Ø§Ø¹Ø© Ø¨ÙŠØ®Ù„ÙŠÙ‡Ø§ Ù…Ù†Ø§Ø³Ø¨Ø© Ù„Ù„Ø§Ø³ØªØ®Ø¯Ø§Ù… ÙˆØ§Ù„ØºØ·Ø§ Ù…ÙŠÙ‚ÙÙ„Ø´ Ù…Ù†Ùƒ Ø²Ù‰ Ø§Ù„Ø´ÙƒÙ„ Ø§Ù„ØªØ§Ù†Ù‰ Ø§Ù„Ù„Ù‰ Ø§Ù„ÙƒÙŠØ³ Ø¨ØªØ¨Ù‚Ù‰ Ø·ÙˆÙ„ÙŠØ© ÙˆÙƒÙ…Ø§Ù† Ø§Ù„ØªÙ†Ø¸ÙŠÙ Ù„Ø¨Ù†Ø§Øª Ø§Ù„Ø´Ø­Ù† ÙˆØ§Ù„ÙƒÙŠØ³ ÙƒÙ„Ù‡Ø§ Ø³Ù‡Ù„ Ø¬Ø¯Ø§ Ø¨Ø¹ÙƒØ³ Ø§Ù„ÙƒÙŠØ³ Ø¨ØªØ§Ø¹Ø© Ø§Ù„Ø´Ø­Ù† Ø§Ù„Ø·ÙˆÙ„ÙŠØ© ØµØ¹Ø¨Ø© Ø¬Ø¯Ø§ ÙØ§Ù„ØªÙ†Ø¸ÙŠÙ\nØ§Ù„Ø¹ÙŠÙˆØ¨\nÙ†Ø³Ø¨Ø© Ø´Ø­Ù† Ø§Ù„ÙƒÙŠØ³ Ù„Ø§ ØªØ¸Ù‡Ø±\nØ§Ù„Ø¹Ù„Ø¨Ø© Ø¨ØªØ§Ø¹Ø© Ø§Ù„Ø³Ù…Ø§Ø¹Ø© ÙƒØ§Ù†Øª Ù…Ø¶ØºÙˆØ·Ø© ÙˆÙ…ØªØ¨Ù‡Ø¯Ù„Ø© Ø´ÙˆÙŠØ© Ø¶ØºØ·Ø© ÙƒÙ…Ø§Ù† ÙˆØ§Ø¹ØªÙ‚Ø¯ Ø§Ù„Ø³Ù…Ø§Ø¹Ø© ÙƒØ§Ù†Øª Ù‡ØªØªØ£Ø«Ø± Ø¨Ø³ Ø§Ù„Ø­Ù…Ø¯ Ù„Ù„Ù‡ Ù…ÙƒÙ†Ø´ ÙÙŠÙ‡ Ø­Ø§Ø¬Ø© Ø¨Ø³ Ø¨Ø³Ø¨Ø¨ Ø§Ù† Ø§Ù„ÙƒØ±ØªÙˆÙ†Ø© Ø§Ù„Ø®Ø§Ø±Ø¬ÙŠØ© ÙƒØ§Ù†Øª Ø´Ø¨Ù‡ Ù…ØªØ¯Ù…Ø±Ø© Ù…Ø¹ Ø§Ù† Ø­Ø¬Ù…Ù‡Ø§ ØµØºÙŠØ± Ù…Ø´ Ø¹Ø§Ø±Ù Ù„ÙŠÙ‡ Ø§Ù„ÙˆØ¶Ø¹ Ø¯Ù‡ Ø§Ù„Ù…ÙØ±ÙˆØ¶ Ø§Ù† ÙŠØªÙƒØªØ¨ Ø§Ù† Ø­Ø§Ø¬Ø© Ù…Ù…ÙƒÙ† ØªØªØ¹Ø±Ø¶ Ù„Ù„ØªÙ„Ù ÙˆØ§Ù„ØªØ¹Ø§Ù…Ù„ Ù…Ø¹Ø§Ù‡Ø§ Ø¨Ø­Ø±Øµ Ø­ØªÙ‰ Ù„Ùˆ ØµØºÙŠØ±Ø© ÙØ§Ù„Ø­Ø¬Ù…\nRead more'}, {'Reviewer': 'Islam Elsherbiny', 'Rating': '1.0 ', 'Date': 'Reviewed in Egypt on 30 July 2024', 'Review': ""Good product, very good quality to it's price, butthe dilevery is so bad, first time they dilever to Alalamin instead of Sharm Elsheikh!!!!!!! and there is no data in my adresses except sharm elshikh and cairo, they canceled the order and when i call to complain they said you can't complain we will give your money back,\nSecond time it takes 6 days to dilever the product!!!""}, {'Reviewer': 'EGYPT MOHAMED', 'Rating': '5.0 ', 'Date': 'Reviewed in Egypt on 28 August 2024', 'Review': 'Ø£Ø´ØªØ±ÙŠÙ‡ ÙŠØ§ ØµØ§Ø­Ø¨ÙŠ Ø­Ù„Ùˆ SUUIIIIIII'}]",In Ear,,,,,,,,,,,,,,6.3 x 4.9 x 2.9 cm; 20 g,,,,,,,,,,,,,,,,,,,
"Anker soundcore Liberty 4 NC Wireless, 98.5% Noise Reduction, Adaptive Noise Cancelling to Ears 50H Battery, Wireless Charging, Bluetooth 5.3+ 18 Months Local Warranty",4.3 out of 5 stars,"3,220"," Was: EGPÂ 3,390.00 ",-5%,https://m.media-amazon.com/images/I/51snKP8HWiL._AC_SY355_.jpg,"About this item
Reduce Noise By Up to 98.5%: Liberty 4 NC noise cancelling earbuds have a high sensitivity in-ear sound sensor, an oversized driver, and an innovative noise isolation chamber that cancels up to 98.5% of noise for peaceful travel.
Noise Cancelling Adapts to Ears and Environments: Adaptive ANC 2.0 makes real-time calculations and adjusts to your ear canals and external environment for maximum quiet amongst the hustle and bustle.
Crisp Sound with 3Ã— More Detail: 11mm custom-tuned drivers deliver consistently crisp and detailed sound. Experience Hi-Res wireless audio and LDAC technology that transfers 3Ã— more data than regular Bluetoothâ€”bringing wireless music to life.
Sculpt Your Sound Profile: Not everyone listens the same, so use HearID 2.0 to find the perfect sound profile for you. If you want to mix it up, the EQ is fully adjustable or choose from 22 presets to match your audio.
10H/50H Worry-Free Battery: A single charge is enough to enjoy uninterrupted entertainment for a trip across the US. Pack Liberty 4 NC for your next adventure and listen to 1,000 tracks or watch 30 movies back-to-back with no battery anxiety.",Anker,Black,In Ear,Active Noise Cancellation,90 dB,soundcore Liberty 4 Balck NC,Wireless,Bluetooth,,,1 Lithium Polymer batteries required. (included),,20 August 2023,Soundcore,B0BZV4QFP8,A3947,"[{'Reviewer': 'G D', 'Rating': '5.0 ', 'Date': 'Reviewed in Canada on 27 July 2024', 'Review': 'These are very good true wireless earbuds. Not merely for the price, but flat out very good.\n\nThe sound quality is very good indeed - it tends to be a bit bassy, but overall the resolution is great. There are so many tuning options available, but I find the Hear ID test ended up giving the best results. LDAC is available for really high res sound (at a significant cost to battery life) but even with MP3\'s recorded at a modest bitrate, these earbuds deliver.\n\nThe ANC works well, maybe not the best I\'ve tried but definitely serviceable. The passthrough mode is super useful too, though things sound a bit ""tinny"" compared to more expensive earbuds. I didn\'t try the spatial audio feature yet\n\nThe case is nice, if a bit flimsy feeling. The earbuds pop in with a nice magnetic action and there are LEDs to indicate they are in correctly and charging. Charging isn\'t super quick but is adequate\n\nThe battery life is stellar. The buds can easily go an entire night without needing a top up in the case. I slept with them in, waking up 8.5 hours later and they were still playing the sound of rain and thunder for me. Absolutely fantastic endurance for the buds and several recharges from the case make battery life a huge win\n\nThe buds themselves are a standard stem type, but are very comfy. The package comes with several different size tips to try and the app has a fit test to ensure the seal in your ear is good. The controls are useful, and configurable in the app, but are limited to taps and seemed overly sensitive to me under certain circumstances. Still, useful to have and very convenient. The microphones deliver okay sound for calls, but are probably one of the weakest links in this product.\n\nSo overall? Blown away by these. Much better than the price led me to believe. For the average person who is not a huge audiophile, I suspect these would make one of the best choice available for day to day listening of music and other audio content, especially on the go (owing to the good ANC and amazing battery life). Highly recommended!\nRead more'}, {'Reviewer': 'G@rry', 'Rating': '5.0 ', 'Date': 'Reviewed in Poland on 29 August 2024', 'Review': 'SÅ‚uchawki rewelacyjne, w tej cenie bezkonkurencyjne, zachwycajÄ… brzmieniem i stosunkiem ceny do jakoÅ›ci'}, {'Reviewer': 'Ms Angie L Davidson', 'Rating': '5.0 ', 'Date': 'Reviewed in the United Kingdom on 28 August 2024', 'Review': ""I've been using my Soundcore Liberty 4 NC earbuds for a couple of months now. I bought this particular item for 2 reasons. Firstly, I like and trust the Anker brand, and second, I wanted some wireless earbuds for the times when my Sony headphones wouldn't be practical to take out with me.\n\nTo start, I think the build quality is excellent. The box they come in is small, light and very sturdy, nicely made - easy to put the earbuds in and out. Setting up and pairing to devices is very easy. Once paired, connecting to my iPhone could not be easier: Take out of the box, put them in your ear and off you go! The earbuds themselves are very well made, they feel very comfortable to wear and they fit very well inside my ear (I used the large tips - 1 pair of 3 different size tips provided) - no problems wearing them all day and my ear doesn't ache after a few hours. Charging is easy and quick and lasts for a long time - I'm always good about putting them straight back in the case when finished. The app tells you how much charge there is left in the earbuds and case.\n\nSound quality is excellent for the price paid. I play a wide range of orchestral, rock, acoustic and the sound is solid, enjoyable, not tinny or cheap sounding. I've no need to even look at Apple Earbuds and shelling out 3-4 times more for them. More than happy with these for sound quality.\nFunctionality on the earbuds is really good. Take an earbud out and music is paused automatically, put them in again and it starts - you can pause, rewind, FF, command Siri, volume up/down all from the earbuds. So easy to use. You also have the Soundcore app for more controls and features - well worth looking at. Noise cancellation isn't perfect but it does have Normal, Noise Cancellation and Transparency mode via the app. Also has wind noise reduction which I've found useful.\n\nI'd say that for Â£50 or thereabouts, they are well worth the money.\nRead more""}, {'Reviewer': 'V Christopoulos', 'Rating': '5.0 ', 'Date': 'Reviewed in the Netherlands on 25 August 2024', 'Review': ""Very glad with these earbuds. I bought them primarily for work, so they had to be affordable, comfortable, suitable for MS Teams meetings with a natural microphone sound and had to have an effective ANC onboard as I work in an open office space. I'm also a music lover, so their sound quality shouldn't disappoint either.\n\nTo start with my last point I use the default sound settings but I switched on the 3D Surround Sound in the app. The result is a very pleasing sound that makes it very enjoyable to listen to music.\n\nFurthermore the connection with my laptop via Bluetooth doesn't remain stable when switching between different applications such as MS Teams, Deezer and Webex. I solved this by investing â‚¬8 in a Bluetooth 5.3 USB dongle. The problem wasn't only solved but it appears that these buds can switch seemingllessly between my smartphone and my laptop which means they're equipped with the multipoint feature. Very pleased with that.\n\nFinally, during MS Teams meetings people say that my voice sounds natural. I have them on the whole day and I can report they are very comfortable.\n\nThese earbuds meet all my criteria for a reasonable price. I can wholeheartedly recommend them.\nRead more""}, {'Reviewer': 'Juanjo', 'Rating': '5.0 ', 'Date': 'Reviewed in Spain on 20 August 2024', 'Review': 'Los auriculares inalÃ¡mbricos Bluetooth Soundcore by Anker Liberty 4 NC son muy buenos en todos los aspectos. Ofrecen una alta calidad de sonido, con graves profundos y agudos claros, que realmente elevan la experiencia auditiva. La alta disponibilidad de ajustes permite personalizar el sonido segÃºn tus preferencias, y son fÃ¡ciles de adaptar al oÃ­do, lo que asegura comodidad durante largas sesiones de uso. Un aspecto destacado es su capacidad de aislamiento de ruidos, que bloquea efectivamente el ruido ambiental, permitiÃ©ndote concentrarte en tu mÃºsica o llamadas. AdemÃ¡s, la gran duraciÃ³n de la baterÃ­a es impresionante, permitiendo disfrutar de mÃºsica durante horas sin necesidad de recarga.\n\nTambiÃ©n destacar la calidad del micrÃ³fono para llamadas, lo que los hace ideales no solo para escuchar mÃºsica, sino tambiÃ©n para realizar llamadas con claridad.\n\nPros:\n\nAlta calidad de sonido con graves profundos y agudos claros.\nGran capacidad de aislamiento de ruidos, ideal para ambientes ruidosos.\nAmplia gama de ajustes para personalizar la experiencia auditiva.\nFÃ¡cil adaptaciÃ³n al oÃ­do, proporcionando comodidad prolongada.\nGran duraciÃ³n de la baterÃ­a, perfecta para uso prolongado.\nMicrÃ³fono de alta calidad, ideal para llamadas claras.\n\nContras:\n\nLa aplicaciÃ³n de ajuste de sonido puede ser un poco complicada al principio, pero es algo que se supera con el uso.\nRead more'}]",In Ear,usb,,,,,,,,,,,,,10.8 x 10.8 x 5.5 cm; 19 g,,,,,,,,,No,,China,,,,,,,,
"Sony WH-CH520 Wireless Bluetooth On-Ear with Mic for Phone Call, Blue",4.4 out of 5 stars,"2,240"," List Price: EGPÂ 3,999.00 ",-44%,https://m.media-amazon.com/images/I/41JACWT-wWL._AC_SY355_.jpg,"About this item
Brand: Sony
Connectivity technology: Bluetooth
Headphones form factor: On Ear
Material: Plastic
Special feature: Bluetooth V5.0",Sony,Blue,On Ear,None,104 dB,Sony WH-CH520 - Blue,Wireless,Bluetooth,,,1 Lithium Polymer batteries required. (included),,15 February 2023,Sony,B0BS1RT9S2,WHCH520/L,"[{'Reviewer': 'Alan F. Jordano', 'Rating': '5.0 ', 'Date': 'Reviewed in the United States on 31 July 2024', 'Review': 'The product arrived well packaged. There was a delivery delay but it was not horrendous and to be expected given that it was ordered during Parime Days,\n\nThe headphones arrived almost fully charged, Set up was relatively easy, but you really do need to use their app to complete the set up process. The app also allows you to change some settings and select equalizer settings that work for you.\n\nThe switches have a nice feel to them. They do have raised areas designed to help you find the correct switch by feel. There are times however when I find that it is easier to adjust the volume using the phone or I remove the headphone to make a change. This is a very subjective items so you may not have the same issue. No stars were deducted for that reason.\n\nThese are an on ear device. It was not uncomfortable to me, but it did take some getting used to and here again...Personal preference comes into play. On a warm and humid day you may experience some sweating where the ear cup rides on your ear. That may allow for some movement / shifting of the headphone depending on what you are doing. They may thus not work out well for use doing exercising as an example.\n\nThe sound quality is great at this price point. I have Bose ear buds. The sound from this device is not Bose quality and you should not expect it to be Bose quality. It is good to very good however. The equalizer settings allow you to control all five typical equalizer settings PLUS a separate adjustment for th4 bass.\n\nParing was easy and fast. The connection remains stable most of the time. There is a selection that allows you to select either top quality sound or a more stable connection. I chose sound quality an the vast majority of the time the connection was stable with no noise present. There may be times however, that due to local conditions / interference you may have a little popping or very brief drop out. I have worn these headphones a LOT since they arrived and while I have experienced that, it was very limited. Now I also have a lot of electric / electronic devices in use on my property and that will may explain what I experienced. I did have some interference from some household devices when I wass very close to them.\n\nThe battery life seems to be very good. I have worn m for several hours and the voice system still indicates 100% at startup. Unlike my Bose products the battery monitoring system is not linear where it will call out 100%, 90%, 80%b etc... It may call out 100% until the battery hits 50% (As an example) and then te voice system will drop from stating 100% to 50%. I do not see that as an issue or negative given the very long stated by the manufacturer battery life, and I have no disagreement with their claims about battery life aty this point in time,\n\nSo again...Thus far I am very pleased with the fit, quality, and sound quality of these headphones. Do bed aware that tey are NOT noise cancelling. There will be some outside noise reduction dur to the ear cups of course.\nRead more'}, {'Reviewer': 'Jorge Moriyoshi Miyazato', 'Rating': '5.0 ', 'Date': 'Reviewed in Brazil on 10 July 2024', 'Review': 'Fone leve, confortÃ¡vel, graves e agudos regulÃ¡veis pelo aplicativo da Sony, Ã³tima qualidade sonora.\nFaltou o desligamento automÃ¡tico apÃ³s algum tempo de inatividade.'}, {'Reviewer': 'BrettP', 'Rating': '5.0 ', 'Date': 'Reviewed in Canada on 6 July 2024', 'Review': ""These headphones are a fantastic buy. Over the years I've bought quite a few lower-proced options, because I couldn't see the point in spending a fortune on just, well, headphones. I love my music, but I have better things to do with hundreds of dollars.\nTired of endless buzz from cheaper options, I spent a tiny bit more to buy these - and I was blown away. Wow, is all I can say. The sound is incredible. They're light and comfortable on the ear. And they also fold up small to fit into a small bag.\nI also found they charge pretty quickly in about 3 hours and play for ages before needing a new charge - mine lasted for about 48 hours when I first tested them.\nOverall, this was a very good buy.""}, {'Reviewer': 'Souza Lima, D.', 'Rating': '5.0 ', 'Date': 'Reviewed in Brazil on 10 May 2024', 'Review': 'O som muito bom, e gravaÃ§Ãµes de Ã¡udio no Whatsapp saem com boa qualidade. Ã‰ reconhecido rÃ¡pido no Bluetooth do smartphone.\nA cor e o modelo sÃ£o bonitos e prÃ¡ticos. Um custo/benefÃ­cio bom.'}, {'Reviewer': 'Alberto G.', 'Rating': '5.0 ', 'Date': 'Reviewed in Mexico on 26 December 2023', 'Review': 'Muy cÃ³modos, en mi trabajo participo en muchas reuniones virtuales y hay dÃ­as en que los traigo puestos tal vez 5 o 6 horas seguidas sin quitÃ¡rmelos y no me molestan, a veces hasta se me olvida que los traigo. Excelente conectividad bluetooth con el celular y laptop, se pueden conectar ambos a la vez. En el gimnasio los he usado corriendo y haciendo todo tipo de ejercicios y son cÃ³modos, ligeros y no se mueven. Los he sudado y la cubierta de las almohadillas no se ha daÃ±ado nada. El audio es buenÃ­simo, muy bien nivelado y aunque no tienen cancelaciÃ³n de ruido, con un volumen moderado y por las mismas almohadillas, aisla lo suficientemente bien como para que los ruidos o mÃºsica del gimnasio, por ejemplo, queden muy en el fondo. Nunca ha sido necesario subir al mÃ¡ximo el volumen. AdemÃ¡s con la app puedes ecualizar a tu gusto, tambiÃ©n recomiendo, si usas Spotify, ecualizar ahÃ­ para tener la mejor experiencia posible. La baterÃ­a dura muchÃ­simo, en 3 meses de uso usÃ¡ndolos en promedio 3 o 4 horas diarias y solo los he puesto a cargar 3 veces. Cargan muy rÃ¡pido tambiÃ©n. El Ãºnico detalle que les he encontrado es que con mi SmartTV Hisense, jugando Playstation tiene un delay de medio segundo o 1 segundo, y con Youtube cada 40 segundos o 1 minuto ""se brinca"" o ""se come"" como 1 segundo tanto del audio como del video. Pero para mi no ha sido problema porque realmente solo los uso para escuchar mÃºsica desde mi celular y para tener llamadas de trabajo. En resumen, son cÃ³modos, lucen bien, sobrios y de buena calidad, muy buen audio y excelente rendimiento de baterÃ­a.\nRead more'}]",Over Ear,3.5 mm Jack,,,,,,,,,,,,,17.39 x 4.48 x 19.72 cm; 147 g,,,,,,,,,,,Vietnam,,,,,,,,
"soundcore H30i Wireless On-Ear Headphones, Foldable Design, Pure Bass, 70h Playback, Bluetooth 5.3, Lightweight and Comfortable, App Control, Multipoint Connection",4.5 out of 5 stars,"1,840"," List Price: EGPÂ 2,077.08 ",-11%,https://m.media-amazon.com/images/I/51MKRHXe65L._AC_SY450_.jpg,"About this item
Pure non-stop bass: The soundcore H30i wireless on-ear headphones feature advanced 40 mm drivers to continuously deliver powerful sound and improved bass and bring your music to life.
Long-lasting playback: with an impressive battery life of 70 hours per charge and ultra-fast charging - already 5 minutes. Charge for 4 hours of music enjoyment - the music will never stop.
Lightweight and comfortable: soundcore H30i on-ear headphones - ideal for extended music enjoyment. Thanks to soft, removable ear pads, a lightweight of 183g and ergonomic design, fatigue is a thing of the past.
Stable connection: With Bluetooth 5.3, you experience the best of both worlds. Whether music or movie, switch smoothly between devices to answer calls or stream videos.
CUSTOM APP EDITION: Create a fully personalized listening experience with the soundcore app. Customize your own EQ settings, choose from ready-made options, enjoy soothing white noise and more.",soundcore,black,True Wireless,Active Noise Cancellation,,H30i,Wireless,Bluetooth,Lightweight,,1 Lithium Polymer batteries required. (included),,20 November 2023,Anker,B0CD1FHLMH,A3012,"[{'Reviewer': 'Veluppillai R.', 'Rating': '5.0 ', 'Date': 'Reviewed in the United Arab Emirates on 25 August 2024', 'Review': 'Sound quality is amazing'}, {'Reviewer': 'ozgeakcay', 'Rating': '5.0 ', 'Date': 'Reviewed in Turkey on 17 August 2024', 'Review': 'Tam bir fiyat performans Ã¼rÃ¼nÃ¼. ÅarjÄ± sÃ¼resi Ã§ok iyi. BasslarÄ± ve bass modu da gÃ¼zel ama bence tizlerde Ã§ok zayÄ±f kalÄ±yor, bass fazla Ã¶n planda. JBL T510 BT kulaklÄ±ÄŸÄ±m bozulunca buna geÃ§tim. JBL genel kullanÄ±ma daha uygundu (dizi, film, oyun vb.) ve tasarÄ±m olarak daha iyiydi. JBL T520 BT ile bunun arasÄ±nda kalmÄ±ÅŸtÄ±m ÅŸarj sÃ¼resi, kablo giriÅŸi ve kendi mobil uygulamasÄ±ndan dolayÄ± bunu seÃ§tim. Ã‡ok Ã§ok uzun kullanÄ±mda kulaklarÄ±mÄ± hafif aÄŸrÄ±tÄ±yor gibi ama Ã§ok deÄŸil. Genel olarak memnun kaldÄ±m. AlÄ±nÄ±r.'}, {'Reviewer': 'MR P R OXLADE', 'Rating': '5.0 ', 'Date': 'Reviewed in the United Kingdom on 12 August 2024', 'Review': 'A really good product and a bargain price. Easily connected to android phone and hifi. The sound core app allows me to have my own EQ settings and can dual connect to two devices at once. Long battery life as well and was 50% charged when I took it out of the box.'}, {'Reviewer': 'Sev91330', 'Rating': '5.0 ', 'Date': 'Reviewed in France on 19 July 2024', 'Review': 'Excellent casque, pourtant je suis assez mÃ©ticuleuse concernant le son. Franchement les basses sont excellentes, ce qui est trÃ¨s rare pour ce prix ! On est super loin des sons mÃ©talliques des casques Ã  bas prix. Je suis vraiment trÃ¨s agrÃ©ablement surprise ! Il y a une application qui permet = de choisir lâ€™ambiance quâ€™on prÃ©fÃ¨re ( une quinzaine environ ) , on peut mÃªme personnaliser soi-mÃªme. Il peut y avoir lâ€™affichage de la batterie et avoir une alerte pour batterie faible. Charge USB C super rapide !! Lâ€™application permet de connecter 2 appareils en mÃªme temps. Ainsi si on utilise sur iPad, pas besoin de dÃ©connecter pour utiliser sur iPhone. Les deux sont paramÃ©trÃ©s. Connexion sans aucun problÃ¨me, en 1 seconde. Aucun dÃ©crochage pendant prÃ¨s de 3h dâ€™affilÃ©e (pas testÃ© plus, mais si Ã§a devait se dÃ©connecter, Ã§a lâ€™aurait fait !). Pas de grÃ©sillement du tout. Se plie. Les Ã©couteurs peuvent se plier et se mettre Ã  plat. Ils peuvent aussi bouger pour placer idÃ©alement sur les oreilles. Rembourrage super. En haut du casque et autour des Ã©couteurs. Aucune rÃ©action allergique (pourtant des allergies, jâ€™en ai â€¦..). Pas de mal de tÃªte pu mal dâ€™oreilles. TrÃ¨s confortable pendant prÃ¨s de 3h. Aucun problÃ¨me. Anti Bruit efficace.\nJe conseille fortement ce caque !!! Jâ€™en suis ravie'}, {'Reviewer': 'NoÃ©', 'Rating': '5.0 ', 'Date': 'Reviewed in Belgium on 3 July 2024', 'Review': 'ğŸ‘ğŸ½'}]",Over Ear,3.5 mm Jack,,,,,,,,,,,,,18 x 23 x 7.6 cm; 183 g,,,,,,,,,,,,,,,,,,,
"Sony MDR-ZX110AP Extra Bass Smartphone Headset With Mic (White) Headphone -, MDRZX110AP/W, Wired, One Size",4.3 out of 5 stars,699, List Price: EGPÂ 785.00 ,-11%,https://m.media-amazon.com/images/I/41mqxtrUBcL._AC_SY355_.jpg,"About this item
Neodymium dynamic drivers deliver precise sound
30mm drivers for wide frequency response (5 - 22 kHz) in-line microphone for hands-free phone calling
Lightweight On-the-ear design with swivel design for portability free smart key app for customized in-line remote function",Sony,White,Over Ear,Active Noise Cancellation,94 dB,MDR ZX110AP,Wired,Bluetooth,Foldable,"user manual, ear cushions, protective case, cable",,,24 September 2014,,B00NBR70A2,MDRZX110AP/W,"[{'Reviewer': 'Mano', 'Rating': '5.0 ', 'Date': 'Reviewed in Egypt on 15 July 2024', 'Review': 'Ø­Ù„ÙˆØ© Ø§ÙˆÙ‰ ÙˆÙ…Ø±ÙŠØ­Ø© ÙˆØ´ÙƒÙ„Ù‡Ø§ Ø¬Ù…ÙŠÙ„ ÙˆØ§Ù„ØµÙˆØª ÙˆØ§Ø¶Ø­'}, {'Reviewer': 'Manal E.', 'Rating': '5.0 ', 'Date': 'Reviewed in Egypt on 10 January 2024', 'Review': ""I use it for conference calls for work. It's excellent equality + looks very chic a professional. The folding ear padsake it very compact so it's very easy to store.""}, {'Reviewer': 'user-MDQPQC', 'Rating': '4.0 ', 'Date': 'Reviewed in Egypt on 12 November 2023', 'Review': 'Ù…Ù…ØªØ§Ø²Ø© ÙˆØ§Ù„ØµÙˆØª Ù†Ù‚Ù‰ ÙˆØ§Ù„Ù…Ø§ÙŠÙƒ Ø¬ÙŠØ¯ Ø¬Ø¯Ø§ Ù„ÙƒÙ† Ø§Ù„Ø¹Ø²Ù„ Ù„ÙŠØ³ Ù…Ø«Ø§Ù„ÙŠ'}, {'Reviewer': 'As described', 'Rating': '5.0 ', 'Date': 'Reviewed in Egypt on 3 January 2024', 'Review': 'As described'}, {'Reviewer': 'Yahia Ezzat', 'Rating': '3.0 ', 'Date': 'Reviewed in Egypt on 25 August 2024', 'Review': 'Ù‚ÙŠÙ…Ù‡ Ù…Ù‚Ø§Ø¨Ù„ Ø³Ø¹Ø±'}]",Over Ear,3.5 mm Jack,Adult,Plastic,Gaming,Calling,Cellphones,daily,no subject character,Call Control,Tangle Free,120 g,Not Water Resistant,,20.32 x 15.14 x 4.9 cm; 120 g,White,3.5mm Jack,3.5mm Audio,Plastic,One Size,"4.34.3 out of 5 stars6,209 ratings4.3 out of 5 stars","#4,032 in Electronics (See Top 100 in Electronics)#4 inOn-Ear Headphones",1400,,,,0.03 Ohm,"5 Hz - 22,000 Hz",10 Inches,,,,,
"Soundcore By Anker Life Q30 Large Hybrid Active Noise Cancelling Headphones With Multiple Mode - Black, Wireless",4.5 out of 5 stars,"4,200"," Was: EGPÂ 4,400.00 ",-5%,https://m.media-amazon.com/images/I/515tntDehmL._AC_SY450_.jpg,"About this item
Hi-Res Certified Music: Hear every detail of your favorite songs thanks to Life Q30â€™s 40mm drivers. The highly-flexible silk diaphragms reproduce t bass and crisp treble that extends up to 40kHz for improved clarity.
Advanced Noise Cancellation Technology: Maintain your focus with Life Q30â€™s hybrid active noise cancellation. Dual noise-detecting microphones pick up and filter out up to 95% of low-frequency ambient sound to ensure nothing distracts you from your music.
Ultimate Noise Cancellation Experience: Customize Life Q30â€™s noise cancellation with 3 modesâ€”Transport minimizes airplane engine noise, Outdoor reduces traffic and wind, and Indoor dampens the sound of busy offices with people talking in the background.
40-Hour Playtime: Life Q30 active noise cancelling headphones play up to 40 hours of music in noise cancelling mode. Standard mode extends the playtime to 60 hours, while a short 5-minute charge gives you 4 hours of listening.
Pressure-Free Comfort: Life Q30 active noise cancelling headphones have ultra-soft protein leather earcups with memory foam padding to fit snugly over your ears. The lightweight build also ensures theyâ€™re comfortable for long listening sessions.",soundcore,Black,Over Ear,Active Noise Cancellation,95 dB,A3028,Wireless,Bluetooth,"Noise-Canceling, wireless",cable,1 Lithium Polymer batteries required. (included),,8 September 2020,,B08HMWZBXC,A3028,"[{'Reviewer': 'Roaa', 'Rating': '5.0 ', 'Date': 'Reviewed in Egypt on 25 September 2023', 'Review': 'Ø§Ù†ØµØ­ Ø¨Ù‡Ø§'}, {'Reviewer': 'Ahmed Chawky', 'Rating': '1.0 ', 'Date': 'Reviewed in Egypt on 22 July 2024', 'Review': 'Ø®Ø§Ù…Ø© Ø³ÙŠØ¦Ù‡ Ø§ØªÙ‚Ø·Ø¹Øª Ù„ÙˆØ­Ø¯Ù‡Ø§ Ø¨Ø§Ù„Ø±ØºÙ… Ù…Ù† Ø§Ù„Ø­ÙØ§Ø¸ Ø¹Ù„ÙŠÙ‡Ø§'}, {'Reviewer': 'Isam Mahmoud', 'Rating': '1.0 ', 'Date': 'Reviewed in Egypt on 15 June 2024', 'Review': 'Ø³Ù…Ø§Ø¹Ù‡ Ø³ÙŠØ¦Ø© Ø¬Ø¯Ø§ ØŒ Ù…Ø³ØªÙˆÙ‰ Ø§Ù„ØµÙˆØª ÙˆØ§Ø·ÙŠ Ùˆ Ø§Ù„ØºØ§Ø¡ Ø§Ù„Ø¶Ø¬ÙŠØ¬ ÙØ§Ø´Ù„ Ø¬Ø¯Ø§ ÙˆÙ„Ø§ ÙŠØ¹Ø²Ù„ Ø§Ù„Ø¶Ø¬ÙŠØ¬ ØŒ Ø®Ø§Ù…Ø§ØªÙ‡Ø§ Ø³ÙŠØ¦Ø© ÙˆØªØ¬Ø¹Ù„ Ø§Ù„Ø£Ø°Ù† ØªØ¹Ø±Ù‚ Ø³Ø±ÙŠØ¹Ø§ÙˆØ·Ø¨Ø¹Ø§ Ø§Ù„Ø¹Ø±Ù‚ Ø³ÙˆÙ ÙŠÙ‚Ø¶ÙŠ Ø¹Ù„Ù‰ Ø§Ù„Ø¬Ù„Ø¯\nÙ„Ø§ ØªÙ†Ø§Ø³Ø¨ Ø³Ø¹Ø±Ù‡Ø§ Ø§Ø¨Ø¯Ø§\nÙ‡Ù†Ø§Ùƒ Ø§Ù„ÙƒØ«ÙŠØ± Ù…Ù† Ø§Ù„Ø³Ù…Ø§Ø¹Ø§Øª Ø§Ù„Ø±Ø®ÙŠØµØ© ÙÙŠ Ù†ØµÙ Ø§Ù„ÙØ¦Ø© Ø§Ù„Ø³Ø¹Ø±ÙŠØ© ÙˆØ¥Ù…ÙƒØ§Ù†ÙŠØ§Øª Ø£Ø¹Ù„Ù‰ Ø¨ÙƒØ«ÙŠØ±\nØ§Ù„Ø³Ù…Ø§Ø¹Ù‡ Ù„Ø§ ØªØ³ÙˆÙ‰ Ø§ÙƒØ«Ø± Ù…Ù† Ù¢Ù Ù Ù -Ù¢Ù¥Ù Ù  Ø¬Ù†ÙŠØ©'}, {'Reviewer': 'Meagan H.', 'Rating': '5.0 ', 'Date': 'Reviewed in the United States on 12 August 2024', 'Review': 'Most of the reviews here are from people explaining how they â€œarenâ€™t exactly audiophiles,â€ and so their judgements should be taken with a grain of salt. While my opinions are definitely not the most informed, I would definitely consider myself an audiophile. With that being said, here are my thoughts on these headphones.\n\nWired headphones will always have better audio quality than bluetooth, but sometimes you donâ€™t want a cord getting in the way when youâ€™re out and about. There are many headsets with much better quality out there, but these are seriously the best affordable option out there. Look no further. Sound is crisp and clear, bass is fantastic, and surround sound works great. I can pick out several layers of the music Iâ€™m listening to without much effort â€” these are that good. The noise cancelling mode is also very effective; I have used these on family road trips and could completely block out what was playing through the radio on full volume, as well as the sounds of the road. All I could hear was my music (in excellent quality, by the way).\n\nThe transparency feature is also fantastic: using this mode I can easily hear everything happening around me, and I can even carry on full conversations without having my music disturbed. All it takes is placing your hand over the right ear to quickly switch modes.\n\nBattery life is long-lived, lasting an entire day with constant use. With less frequent use, Iâ€™ve had these last up to a week. Construction is also fantastic, the headband is actual metal and not plastic (although the ear pieces are, albeit high quality). Finally, the ear pads and padding at the headband are very soft and easy to clean. Seriously a beautifully-made piece of equipment for the price.\n\nOverall, these are excellent quality for the price â€” probably the best affordable option youâ€™re gonna get. I love my high-quality audio, but Iâ€™m also a broke college kid on a budget. I couldnâ€™t be any happier with these. They also look nice on, if that matters to you.\nRead more'}, {'Reviewer': 'Mike Peralta Aquino', 'Rating': '5.0 ', 'Date': 'Reviewed in Mexico on 1 August 2024', 'Review': 'AdquirÃ­ estos audÃ­fonos en oferta por menos de 1000 pesos y no me arrepiento, los materiales se sienten de buena calidad, son cÃ³modos aunque un poco grandes las almohadillas, trae ademÃ¡s un estuche rÃ­gido muy prÃ¡ctico para que no se maltraten\nLa calidad de audio es de buena para arriba con bajos presentes que enriquecen el sonido de canciones de R&B, Hip Hop y bÃ¡sicamente todo lo que tenga un buen golpe de bajos, en cuando a los medios y agudos no destaca demasiado pero suena correctamente, cabe destacar que hay que ecualizarlos por cuenta propia en la app que trae ya que la firma de Soundcore no me agrado tanto (es decir, la ecualizaciÃ³n predeterminada) tiene un buen volumen y en general tiene un sonido muy bueno teniendo en cuenta el precio que pague por ellos.\nLa baterÃ­a tiene una muy buena duraciÃ³n y lo he usado por horas, la conectividad es buena y rÃ¡pida\nEn cuanto a sus funciones especiales, tiene una muy buena cancelaciÃ³n de ruido y su app te ofrece sonidos de ruido blanco en caso de que busques unos audifonos para evitar distraerte estudiando o algo asi, el modo ""transparencia"" no lo considero tan bueno pues dificilmente escuchas algo fuera de un ruido ininteligible.\nEn general son muy buenos audÃ­fonos para escuchar mÃºsica de manera casual, no cansan, suenan muy bien con bajos muy enriquecidos, si los encuentras a buen precio son una opciÃ³n sobresaliente\nRead more'}]",Over Ear,3.5 mm Jack,Adult,"silk, Leather","Travel, Home",music,smartphones,daily,No subject character,Media Control,Without Cable,272 g,Not Water Resistant,1 Count,19.5 x 18 x 7.8 cm; 272.16 g,Black,USB Type A,,"silk, Leather",media,"4.54.5 out of 5 stars61,520 ratings4.5 out of 5 stars","#18,391 in Electronics (See Top 100 in Electronics)#178 inOver-Ear Headphones",32,,,,,16 Hz-40 kHz,,5,Lithium Polymer,Audiovox CDM3000,Smartphone,230 Volts
"TGUS Small Wireless Gaming Headset, LED Light Up Cat Ear Shaped Headphones, Cartoon Luminous Head-mounted Stereo Bluetooth for Kids Adult Pink Headset Wireless",3.4 out of 5 stars,285, List Price: EGPÂ 447.64 ,-36%,https://m.media-amazon.com/images/I/61ndsFakD6L._AC_SY355_.jpg,"About this item
Foldable And Stretchable Design: Headphones feature a on-ear foldable design, save more space when on storage.
Microphone included : Yes
Cute Cat Ear with LED Lights: Bluetooth headphones features with a lovely cat ear design and fancy LED lights. The wireless headphone designed with unique color, perfect for kids and adults wearing.
Good Gift: Perfect Christmas, Valentine's Day, Children's Day, Birthday gift for family and friends, suitable for office work, sport, school, traveling, etc.
Portable: This headset is lightweight and can be carried around without taking up space, easy to store, very easy to carry.",TGUS,Pink,On Ear,Active Noise Cancellation,93 dB,TGUS,Wireless,Bluetooth,,,,,13 October 2021,TGUS,B09F9V8RDW,TGUS,"[{'Reviewer': 'Ahmed Nasr Alex', 'Rating': '5.0 ', 'Date': 'Reviewed in Egypt on 7 May 2024', 'Review': 'Ø§Ù„Ù…Ù†ØªØ¬ Ø¬Ù…ÙŠÙ„ Ø¬Ø¯Ø§ ÙˆÙ…ØªÙŠÙ† Ù„ÙƒÙ† Ø§Ù„ÙƒØªØ§Ø¨Ø© Ø§Ù„Ù…Ø±Ø³ÙˆÙ…Ø© Ø¹Ù„ÙŠÙ‡ Ø§ØªÙ…Ø³Ø­Øª Ù„Ø§Ø³Ù Ù„ÙƒÙ† Ù…ÙÙŠØ´ Ù…Ø´ÙƒÙ„Ø© Ø±Ø³Ù…ØªÙ‡Ø§ ØªØ§Ù†Ù‰ Ù‡Ù‡Ù‡Ù‡Ù‡'}, {'Reviewer': 'Ø§Ù„ØªØ±Ø¨ÙŠØ²Ø© Ø±Ø¯ÙŠØ¦Ø© Ø¬Ø¯Ø§ ÙˆÙÙŠÙ‡Ø§ Ø§Ù…Ø§ÙƒÙ† Ù…ÙƒØ³Ø±Ø© ÙˆÙ…Ù‚Ø´Ø±Ø© Ù„Ù„Ø£Ø³Ù ÙˆØ¬Ø§Ù„ÙŠ Ù„ÙˆÙ† ØªØ§Ù†ÙŠ Ø®Ø§Ø§Ø§Ø§Ø§Ù„Øµ ØºÙŠØ± Ø§Ù„Ø§Ø³ÙˆØ¯', 'Rating': '1.0 ', 'Date': 'Reviewed in Egypt on 14 August 2024', 'Review': 'Ù‡ÙŠ Ù„ÙŠÙ‡ Ù…Ø´ Ø¨ØªØ´Ø­Ù† Ø§Ùˆ Ù„Ù…Ø§ Ø¨Ø­Ø· ÙƒØ§Ø¨Ù„ Ø§Ù„Ø´Ø­Ù† Ù…Ø´ Ø¨ØªÙ†ÙˆØ± Ø±Ø¨Ù†Ø§ ÙŠØ³ØªØ± Ù„Ø³Ø© Ø¬Ø§ÙŠØ¨Ø§Ù‡Ø§ Ø§Ù…Ø¨Ø§Ø±Ø­ ÙˆÙ…Ø´ Ø¹Ø§Ø±ÙØ© Ù„Ù…Ø§ Ø´Ø­Ù†Ù‡Ø§ ÙŠØ®Ù„Øµ Ø­Ø¹Ù…Ù„ Ø§ÙŠÙ‡ Ù„Ùˆ ÙƒØ¯Ù‡ Ø­Ø±Ø¬Ø¹Ù‡Ø§ ÙÙˆØ±Ø§Ù‹'}, {'Reviewer': 'Elshimaa Rashad Ahmed', 'Rating': '4.0 ', 'Date': 'Reviewed in Egypt on 12 August 2024', 'Review': 'Ø²ÙŠ Ø§Ù„ØµÙˆØ±Ù‡ Ø¨Ø³ Ù„Ù„Ø§Ø³Ù Ø¬Øª Ø²Ø±Ù‚Ù‡ Ù…Ø´ Ø¨ÙŠÙ†Ùƒ Ø²ÙŠ Ù…Ø§ Ø·Ù„Ø¨Øª'}, {'Reviewer': 'Ahmed Raafat', 'Rating': '5.0 ', 'Date': 'Reviewed in Egypt on 8 July 2024', 'Review': 'Ù…Ù…ØªØ§Ø²Ù‡'}, {'Reviewer': 'Fady farouk', 'Rating': '3.0 ', 'Date': 'Reviewed in Egypt on 15 July 2024', 'Review': 'ØµÙˆØª Ù…Ù‚Ø¨ÙˆÙ„ Ùˆ Ù„ÙƒÙ† ÙˆØµÙ„Øª Ù„ÙˆÙ† Ù…Ø®ØªÙ„Ù'}]",Over Ear,3.5 mm Jack,,,,,,,,,,,,,19 x 11 x 1.1 cm; 100 g,,,,,,,,,,,,,,,,,,,
Wireless Bluetooth Headset 5.3 Compatible with Iphone and Android Premium Line AGOLD FN - BT10 Magnetic Case (WHITE),Previous page,350,,,https://m.media-amazon.com/images/I/61qKB5MD3UL._AC_SY450_.jpg,"About this item
Approved by ANATEL (Certificate: 14935-22-15069)
[Exceptional Sound Quality] Our Wireless Headphones Adopt Advanced Bluetooth 5.3 Technology To Ensure A Stable And Fast Connection
Support Renaming Pairing Name
[Listen All Day, Charge in Minutes] In a hurry? Just a 10-minute Fast Charge provides up to 60 minutes of playtime, Bluetooth Headphones Offer 4 Hours of Work per Full Charge
Noise Cancellation: Play Your Music Vividly, with Clear Voice Calling in the Best Way and the Other to Reduce Ambient Noise Around
Touch Control: Touch Control function makes it more convenient and easy to control it without operating the phone.
Perfect Fit In The Ear Eliminating That Feeling Like It'll Fall Out Anytime
Show more",Generic,Clear,Inside Ear,,,Bluetooth Headset,Wireless,Bluetooth,Rechargeable Battery,Protective Case,,14.4 x 11.2 x 3.3 cm; 160 g,15 March 2024,Importado,B0CWB6DT2G,FN-BT10,[],,Usb,,,Music,,,,,,,,,,,,,,,,,,,,,,,,,,,,,
"Xiaomi Mi In-Ear Earphones Basic with High-Fidelity Sound, Built-in Microphone, and Comfortable Silicone Ear Tips in Black for Enhanced Audio Quality and Clear Calls",4.1 out of 5 stars,246, List Price: EGPÂ 378.25 ,-35%,https://m.media-amazon.com/images/I/41j7Lgjk-6L._AC_SY355_.jpg,"About this item
Ear Canal Headphone",Xiaomi,Black,In Ear,None,93 dB,Mi In-Ear Earphone Basic,,,,,1 Lithium Polymer batteries required.,,30 January 2017,Xiaomi,B01N0Z1YKE,ZBW4354TY,"[{'Reviewer': 'Mostafa', 'Rating': '5.0 ', 'Date': 'Reviewed in Egypt on 13 August 2024', 'Review': 'Ø³Ù…Ø§Ø¹Ù‡ Ù…Ù…ØªØ§Ø²Ù‡ Ø¹Ù„Ù‰ Ø³Ø¹Ø±Ù‡Ø§ ÙˆØ¨ØªØ³ØªØ­Ù…Ù„ Ø§Ù„Ø´ØºÙ„ ÙˆØ§Ù„Ø¨Ù‡Ø¯Ù„Ù‡'}, {'Reviewer': 'Ù…Ø­Ù…Ø¯ Ù…Ø­Ù…ÙˆØ¯', 'Rating': '4.0 ', 'Date': 'Reviewed in Egypt on 21 July 2024', 'Review': 'ØµÙˆØªÙ‡Ø§ ÙƒÙˆÙŠØ³ Ø§Ù„ØªØ±Ø¨Ù„ Ø¹Ø§Ù„ÙŠ Ø§Ù„Ø¨ÙŠØ² Ø¶ØºÙŠÙ Ø§Ù„Ø®Ø§Ù…Ø© ÙƒÙˆÙŠØ³Ø© Ø¨Ø³ Ø§Ù„Ø³Ù„Ùƒ Ù…Ø´ Ù‚ÙˆÙŠ Ø§ÙˆÙŠ'}, {'Reviewer': 'Ù…Ø¹Ø§Ø°', 'Rating': '5.0 ', 'Date': 'Reviewed in Egypt on 23 July 2024', 'Review': 'Ø§Ù„Ø³Ù…Ø§Ø¹Ø© ÙƒÙˆÙŠØ³Ù‡ Ø¬Ø¯Ø§\nØ§Ù„ØµÙˆØª Ø¨ØªØ§Ø¹Ù‡Ø§ Ø§Ù†Ù‚ÙŠ Ùˆ Ø§Ø¹Ù„ÙŠ ÙˆØ§Ù†Ø¶Ù ØµÙˆØª Ù‡ØªØ³Ù…Ø¹Ù‡ Ù…Ù† Ø³Ù…Ø§Ø¹Ø© Ø³Ù„Ùƒ Ùˆ Ø§Ù„Ø¹Ø²Ù„ Ø¨ØªØ§Ø¹Ù‡Ø§ ÙƒÙˆÙŠØ³ Ø¨ØªÙØµÙ„Ùƒ Ø¹Ù† Ø§Ù„ÙŠ Ø­ÙˆÙ„Ùƒ\nØ§Ù„Ù…Ø§ÙŠÙƒ Ø§ÙØ¶Ù„ Ù…Ù† Ù…Ø§ÙŠÙƒ Ø§Ù„Ù…ÙˆØ¨Ø§ÙŠÙ„ Ù†ÙØ³Ù‡\nÙˆ Ø¹Ù„ÙŠÙ‡Ø§ Ø¶Ù…Ø§Ù† 6 Ø´Ù‡ÙˆØ± Ù„Ùˆ Ø­ØµÙ„Ù‡Ø§ Ø§ÙŠ Ø­Ø§Ø¬Ø©'}, {'Reviewer': 'Ossamaa Muthanna', 'Rating': '5.0 ', 'Date': 'Reviewed in Egypt on 20 August 2024', 'Review': 'ÙˆØ¶ÙˆØ­ Ù„Ù„ØµÙˆØª'}, {'Reviewer': 'Ehab', 'Rating': '4.0 ', 'Date': 'Reviewed in Egypt on 23 August 2024', 'Review': 'ØµÙˆØª Ù…ØªÙˆØ§Ø²Ù† ÙˆØ¬ÙˆØ¯ØªÙ‡ Ø¬ÙŠØ¯Ù‡ Ø¬Ø¯Ø§'}]",Over Ear,3.5 mm Jack,,,,,,,,,,,,,7.1 x 7.2 x 2.2 cm; 14 g,,,,,,,,20000,No,"English, English, English, English, English",Thailand,32 Ohm,,,,,,,
"Xiaomi Redmi Buds 4 Lite Black | 12mm dynamic driver HD Sound Quality IPX4 water-resistant | Advanced Bluetooth 5.2|18.5 Hours Long Battery Life |Google Fast Pair | Glacier Gray, Wireless",3.7 out of 5 stars,749," List Price: EGPÂ 1,115.09 ",-33%,https://m.media-amazon.com/images/I/51qnTdwpxCL._AC_SY355_.jpg,"About this item
1. [Reliable Sound Quality]: The large 12mm composite polymer dual layer dynamic diaphragm delivers crisp and clear highs, the bass is thick and powerful, and the Xiaomi Acoustic Lab is carefully tuned to be pure and undistorted. Every musical detail is perceived.
2. [Upgraded Bluetooth Technology]: With the newly upgraded Bluetooth 5.3 technology, the anti-interference ability has been greatly improved, resulting in reduced latency and improved stability when the headphones are connected to a Bluetooth device. Music, calls, all immersed and uninterrupted.
3. [Intelligent Call Noise Reduction]: The AI voice algorithm accurately distinguishes human noise from ambient noise, so even in the loudest environments, the headphones accurately pick up audio and effectively reduce ambient noise. You can rest assured knowing that your every word will be heard loud and clear.
4. [Long Battery Life]: The headphones last up to 5 hours alone and up to 20 hours with the charging case. Up to 20 hours of battery life. Type-C charging port for convenient daily use.
5. [Touch Controls]: Touching the back of the wireless earbuds, you can easily control, answer calls / control music, move your finger and get instantly, IP54 dustproof and waterproof, can bring the intimate company in daily sports / exercise and other occasions, the professional structure design allows you not to worry about damaging the surface of Bluetooth wireless earbuds, use with confidence.",Xiaomi,Black,In Ear,Sound Isolation,99 dB,Redmi Buds 4 Lite,Wireless,Bluetooth,,,1 Lithium Polymer batteries required. (included),,25 May 2023,Xiaomi,B0C4ML6PQN,Redmi Buds 4 Lite,"[{'Reviewer': 'Emad Elsafty', 'Rating': '5.0 ', 'Date': 'Reviewed in Egypt on 2 April 2024', 'Review': 'Ø¹Ø´Ø§Ù† Ù†ÙÙ‡Ù… Ø§Ù„Ø¯Ù†ÙŠØ§ Ø®Ù„ÙŠÙ†Ø§ Ù†Ù‚Ø³Ù… Ø§Ù„Ù…ÙˆØ¶ÙˆØ¹\n\nØ§ÙˆÙ„ Ù†Ù‚Ø·Ø© ÙˆÙ‡ÙŠ Ø¹Ø²Ù„ Ø§Ù„Ø¶ÙˆØ¶Ø§Ø¡ :\nÙˆ Ø§Ù†Ø§ Ù‡Ù†Ø§ Ø¨ØªÙƒÙ„Ù… Ø¹Ù„Ù‰ Ø¹Ø²Ù„ Ø§Ù„Ø¶ÙˆØ¶Ø§Ø¡ Ù…Ù† ØºÙŠØ± Ù…Ø§ ØªØ´ØºÙ„ Ù…ÙˆØ³ÙŠÙ‚Ù‰ Ø§Ø³Ø§Ø³Ø§ Ø¹Ø²Ù„ Ø§Ù„Ø¶ÙˆØ¶Ø§Ø¡ Ø¬ÙŠØ¯ Ùˆ Ù…Ù‚Ø¨ÙˆÙ„ Ø¬Ø¯Ø§ Ø¨Ø§Ù„Ù†Ø³Ø¨Ø§Ù„ÙŠ Ùˆ Ù…ØªØªÙˆÙ‚Ø¹Ø´ Ù…Ù†Ù‡ Ø§Ù†Ù‡ ÙŠÙ„ØºÙŠ ÙƒÙ„ Ø§Ù„Ø§ØµÙˆØ§Øª Ø§Ù„Ù„ÙŠ Ø­ÙˆØ§Ù„ÙŠÙƒ Ø¨Ø§Ù„ÙƒØ§Ù…Ù„ Ù„Ø£Ù† Ø¯Ø±Ø¬Ø© Ø§Ù„Ø¹Ø²Ù„ Ø²ÙŠ Ø¯ÙŠ Ø§Ø³Ø§Ø³Ø§ Ù…Ù…ÙƒÙ† Ù…ØªÙƒÙˆÙ†Ø´ Ù…ÙˆØ¬ÙˆØ¯Ø© ÙÙŠ Ø³Ù…Ø§Ø¹Ø§Øª Ø¨Ø¶Ø¹Ù Ø§Ù„Ø³Ø¹Ø± Ø§Ùˆ Ø§ÙƒØªØ±\nÙˆÙ„ÙƒÙ† ÙÙŠ Ø§Ù„Ù…Ø¬Ù…Ù„ Ù‡ÙŠ Ø¨ØªÙ‚Ù„Ù„ Ø§Ù„Ø¶ÙˆØ¶Ø§Ø¡ Ø§Ù„Ù„ÙŠ ÙˆØ§ØµÙ„Ø§Ù„Ùƒ Ø¨Ù‚Ø¯Ø± Ù…Ù„Ø­ÙˆØ¸ Ø¨ÙŠØ³Ù…Ø­Ù„Ùƒ Ø§Ù†Ùƒ ØªÙ†Ø¹Ø²Ù„ ØªÙ…Ø§Ù…Ø§ Ø¹Ù† Ø§Ù„Ø¹Ø§Ù„Ù… Ù„Ùˆ Ø´ØºÙ„Øª Ø­Ø§Ø¬Ø© Ø¹Ù„Ù‰ Ø¯Ø±Ø¬Ø© ØµÙˆØª Ø¨Ø³ÙŠØ·Ø©\nØ¨Ø§Ù„ØªØ§Ù„ÙŠ Ø§Ù†Øª Ù…Ø´ Ù…Ø­ØªØ§Ø¬ ØªØ¹Ù„ÙŠ Ø§Ù„ØµÙˆØª Ù„Ù„Ø¢Ø®Ø± Ø¹Ø´Ø§Ù† ØªÙ†Ø¹Ø²Ù„ ØªÙ…Ø§Ù…Ø§ Ø¨Ø§Ù„ÙƒØªÙŠØ± Ù‡ØªØ±ÙØ¹Ù‡ Ù„Ø¯Ø±Ø¬Ø© Ù…ØªÙˆØ³Ø·Ø© ÙÙŠ Ø§ØºÙ„Ø¨ Ø§Ù„Ø§Ø­ÙŠØ§Ù†\nÙˆ Ø¯Ù‡ ÙÙŠ Ø­Ø¯ Ø°Ø§ØªÙ‡ Ø¨ÙŠØªÙŠØ­ Ù„ÙŠÙƒ Ù„Ùˆ ÙÙŠ Ù…ÙˆØ§ØµÙ„Ø§Øª Ø§Ùˆ ØºÙŠØ±Ù‡ ØªØ´ØºÙ„ Ù‚Ø±Ø¢Ù†Ùƒ Ø§Ùˆ Ø§Ù„Ø¨ÙˆØ¯ ÙƒØ§Ø³Øª Ø¨ØªØ§Ø¹Ùƒ Ø§Ùˆ Ø§Ù„ÙƒØªØ§Ø¨ Ø§Ù„ØµÙˆØªÙŠ Ø§Ù„Ù„ÙŠ Ø¨ØªØ­Ø¨Ù‡ Ø¨Ø±Ø§Ø­ØªÙƒ Ùˆ Ø¨Ø¯ÙˆÙ† Ù…Ø§ ØªØµØ¯Ø¹ Ù…Ù† Ø§Ù„ØµÙˆØª\nÙÙŠ Ø§Ù„Ù…Ø¬Ù…Ù„ ÙŠØ§Ø®Ø¯ Ù§/Ù¡Ù  ÙÙŠ Ø¯Ø±Ø¬Ø© Ø§Ù„Ø¹Ø²Ù„\n\nØ¬ÙˆØ¯Ø© Ø§Ù„ØµÙˆØª :\nØ§Ù„ØµÙˆØª Ø¬ÙŠØ¯ Ø¨Ø´ÙƒÙ„ Ø¹Ø§Ù… Ù…ØªÙˆØ§Ø²Ù† Ùˆ Ù…Ø´ Ù‡ÙŠØ²Ø¹Ù„Ùƒ ÙˆÙ„Ùˆ Ø­Ø§Ø³Ø³ Ø§Ù†Ù‡ Ù…Ø­ØªØ§Ø¬ ÙŠØªØ¹Ø¯Ù„ Ø²ÙŠ Ù…Ø«Ù„Ø§ ÙŠØ²ÙŠØ¯ Ø§Ù„Ø¨ÙŠØ² Ø§Ùˆ Ø§Ù„ØªØ±ÙŠØ¨Ù„Ø² ÙŠØªØ­Ø³Ù† ÙØ§ ÙÙŠÙ‡ ÙÙŠ Ø§Ù„Ø§Ø¨Ù„ÙƒÙŠØ´Ù† Ø¨ØªØ§Ø¹Ù‡Ø§ Ù¤ Ø¨Ø±ÙˆÙØ§ÙŠÙ„Ø§Øª ØµÙˆØª ØªÙ‚Ø¯Ø± ØªØ®ØªØ§Ø± Ø§Ù„Ù„ÙŠ ÙŠØ±ÙŠØ­Ùƒ ÙÙŠÙ‡Ù… Ø¨Ø³ Ø§Ù†Ø§ Ø´Ø®ØµÙŠØ§ Ø¨Ø³ØªØ®Ø¯Ù…Ù‡Ø§ Ø¹Ù„Ù‰ Ø§Ù„Ø³ØªØ§Ù†Ø¯Ø±Ø¯ Ùˆ Ø§Ø­ÙŠØ§Ù†Ø§ ÙˆÙ‚Øª Ø¬ÙŠÙ… Ø§Ùˆ ØºÙŠØ±Ù‡ Ø¨Ù‚ÙˆÙ… ØºÙŠØ±Ù‡ Ù„Ù„Ø¨ÙŠØ² ÙˆØ¨ØªØ§Ø¹\nÙ†Ø¯ÙŠÙ„Ù‡ 9/10\n\nÙ…Ù‚Ø§ÙˆÙ…Ø© Ø§Ù„Ù…Ø§Ø¡ Ùˆ Ø§Ù„Ø§ØªØ±Ø¨Ø© :\nØ§Ù„Ø³Ù…Ø§Ø¹Ø§Øª Ù†ÙØ³Ù‡Ø§ ÙÙŠÙ‡Ø§ IP54\nÙˆ Ø¯ÙŠ Ù…Ù‚Ø§ÙˆÙ…Ø© Ù„Ø±Ø²Ø§Ø² Ø§Ù„Ù…ÙŠØ© Ùˆ Ø§Ù„Ø§ØªØ±Ø¨Ø© Ø¨Ø³ Ù…ÙˆØ¶ÙˆØ¹ Ø§Ù„Ø¹Ø±Ù‚ Ø¨Ù‚Ø§ Ø§Ù„Ù„Ù‡ Ø§Ø¹Ù„Ù… Ø¨Ø¬Ø¯ Ù…Ø´ Ø¹Ø§Ø±Ù Ùˆ Ø§Ù„Ø¨ÙˆÙƒØ³ Ù†ÙØ³Ù‡ Ø·Ø¨Ø¹Ø§ Ù…Ø´ Ù…Ø¶Ø§Ø¯ Ù„Ø£ÙŠ Ø­Ø§Ø¬Ø©\n\nØ§Ù„Ø³Ù…Ø§Ø¹Ø© :\nØ§Ù„Ø³Ù…Ø§Ø¹Ø© Ø®ÙÙŠÙØ© Ø¬Ø¯Ø§ Ø§Ù„ØµØ±Ø§Ø­Ø© Ù…Ø´ Ù‡ØªØ¶Ø§ÙŠÙ‚ ÙˆØ¯Ù†Ùƒ ÙÙŠ Ø§Ù„Ø§Ø³ØªØ¹Ù…Ø§Ù„ Ø§Ù„Ù…Ø·ÙˆÙ„ Ùˆ Ø§Ù„Ø®Ø§Ù…Ø§Øª Ø§Ù„Ù„ÙŠ Ù…ØµÙ†ÙˆØ¹Ø© Ù…Ù†Ù‡Ø§ Ø¬ÙŠØ¯Ø©\n\nØ§Ù„Ø¨Ø·Ø§Ø±ÙŠØ© :\nØ§Ù„Ø¨Ø·Ø§Ø±ÙŠØ© Ø§Ù†Ø§ Ù…Ø¶ØºØ·ØªØ´ Ø¹Ù„ÙŠÙ‡Ø§ Ø§Ù„Ù‰ Ø§Ù„Ø§Ù† Ø¨Ø³ Ø´Ø§ÙˆÙ…ÙŠ Ø¨ØªÙˆØ¹Ø¯Ùƒ Ù„Ùˆ Ù‚ÙÙ„Øª Ø¹Ø²Ù„ Ø§Ù„Ø¶ÙˆØ¶Ø§Ø¡ Ù…Ù…ÙƒÙ† ØªÙˆØµÙ„ Ù…Ø¹Ø§Ùƒ Ù„ Ù¤Ù  Ø³Ø§Ø¹Ø© Ø¨Ø§Ù„Ø¹Ù„Ø¨Ø© Ø¨ØªØ§Ø¹ØªÙ‡Ø§ğŸ˜‚\nØ¨Ø³ Ø§Ù„Ø¬Ù…ÙŠÙ„ Ø¨Ø¬Ø¯ Ø­ÙˆØ§Ø± Ø§Ù„Ø´Ø­Ù† Ø§Ù„Ø³Ø±ÙŠØ¹ Ù„Ù„Ø³Ù…Ø§Ø¹ØªÙŠÙ† ÙŠØ¹Ù†ÙŠ Ø§Ù†Øª ÙŠØ§ Ø¨Ø§Ø´Ø§ Ø§Ø³ØªØ®Ø¯Ù… Ø¨Ø±Ø§Ø­ØªÙƒ ÙˆÙ„Ùˆ Ø®Ù„ØµØª Ù…Ù†Ùƒ Ø§Ù„Ø¨Ø·Ø§Ø±ÙŠØ© Ø§Ù„Ù…ÙˆØ¶ÙˆØ¹ Ø¨Ø³ÙŠØ· Ø´ÙŠÙ„ Ø§Ù„Ø³Ù…Ø§Ø¹Ø© ÙÙŠ Ø§Ù„Ø¹Ù„Ø¨Ø© Ù¥ Ø¯Ù‚Ø§ÙŠÙ‚ Ùˆ Ù‡ÙŠ Ù‡ØªØ´ÙŠÙ„Ùƒ Ø³Ø§Ø¹ØªÙŠÙ† Ø±Ø¯Ø§ Ù„Ù„ÙˆØ§Ø¬Ø¨ ğŸ˜‚\n\nØ§Ù„Ù…Ø§ÙŠÙƒ : ÙƒÙˆÙŠØ³ ÙÙŠ Ø§Ù„Ù…ÙƒØ§Ù„Ù…Ø§Øª ÙŠØ¹Ù†ÙŠ Ø§Ù„ØµÙˆØª Ø¨ÙŠØ¨Ù‚Ø§ Ù…Ø¶ØºÙˆØ· Ø´ÙˆÙŠØ© ÙÙŠ Ø§Ù„Ø²Ø­Ù…Ø© ÙˆÙ„ÙƒÙ†Ù‡ ÙÙŠ Ø§Ù„Ø§Ø®Ø± Ù…Ø³Ù…ÙˆØ¹ Ø¨Ø´ÙƒÙ„ ÙƒÙˆÙŠØ³ Ø§Ù…Ø§ ÙÙŠ Ø§Ù„Ø±ÙŠÙƒÙˆØ±Ø¯Ø§Øª Ø²ÙŠ Ø±ÙŠÙƒÙˆØ±Ø¯Ø§Øª Ø§Ù„ÙˆØªØ³ ÙØ§ Ù‡ÙŠ Ø¨ÙŠØ¨Ù‚Ø§ ÙÙŠÙ‡Ø§ Ø¯ÙˆØ´Ø© Ùˆ Ø§Ù„ØµÙˆØª Ø¨ÙŠØ¨Ù‚Ù‰ Ù…Ø´ ÙˆØ§Ø¶Ø­ ÙŠÙ…ÙƒÙ† Ù…Ø´ÙƒÙ„Ù‡ ÙÙŠ Ø§Ù„ÙˆØªØ³ Ø§Ùˆ Ù…Ø´ÙƒÙ„Ø© Ù…Ù…ÙƒÙ† ØªØªØ­Ù„ Ø¨Ø§Ø¨Ø¯ÙŠØª Ù„Ù„Ø³Ù…Ø§Ø¹Ø©\nÙÙŠ Ø§Ù„Ù…Ø¬Ù…Ù„ ÙŠØ§Ø®Ø¯ 8/10\n\nØ§Ù„Ø¹Ù„Ø¨Ø© :\nØ§Ù„Ø¨ÙˆÙƒØ³ Ù…ØµÙ†ÙˆØ¹ Ù…Ù† Ø¨Ù„Ø§Ø³ØªÙŠÙƒ Ù…Ø·ÙÙŠ Ø¬ÙŠØ¯ Ùˆ Ù…Ø´ Ø¨ÙŠØ¨ØµÙ…\nØ³Ù…Ø§ÙƒØ© Ø§Ù„ØºØ·Ø§ Ø¨ØªØ§Ø¹ Ø§Ù„Ø¨ÙˆÙƒØ³ Ø§Ù„ØµØ±Ø§Ø­Ø© ÙŠØ±Ù‚Ù‰ Ù„Ø³Ù…Ø§ÙƒØ© ØºØ·Ø§ Ø¹Ù„Ø¨Ø© Ù…Ù†Ø§Ø¯ÙŠÙ„ Ù…Ø¨Ù„Ù„Ù‡ Ù…Ø´ Ø¹Ù„Ø¨Ø© Ø³Ù…Ø§Ø¹Ø© (Ù‡Ùˆ Ù…Ø´ Ù†Ø­ÙŠÙ Ù„Ù„Ø¯Ø±Ø¬Ø§Ø¯ÙŠ Ø¨Ø³ Ø§Ø¯ÙŠÙ†ÙŠ Ø¨ØªØ±ÙŠÙ‚) ÙˆÙ„ÙƒÙ† Ù‡Ùˆ Ù…Ø´ Ø¶Ø¹ÙŠÙ Ù„Ù„Ø¯Ø±Ø¬Ø© Ø§Ù„ØµØ±Ø§Ø­Ø© + ÙƒÙˆÙ†Ù‡ Ù…Ø´ Ø³Ù…ÙŠÙƒ Ù…Ø®Ù„ÙŠ Ø§Ù„Ø¹Ù„Ø¨Ø© Ø­Ø¬Ù…Ù‡Ø§ ØµØºÙŠØ± Ùˆ Ø¯ÙŠ Ø­Ø§Ø¬Ø© Ø¹Ø¬Ø¨Ø§Ù†ÙŠ Ø¬Ø¯Ø§ Ø§Ù„ØµØ±Ø§Ø­Ø© Ùˆ Ø¨ÙƒØ¯Ù‡ ØªÙ‚Ø¯Ø± ØªØ§Ø®Ø¯ Ø§Ù„Ø³Ù…Ø§Ø¹Ø© ÙÙŠ Ø§ÙŠ Ø­ØªÙ‡ Ù…Ø¹Ø§Ùƒ Ø¨Ø³Ù‡ÙˆÙ„Ù‡\nÙˆ ØªØµÙ…ÙŠÙ… Ø§Ù„Ø¹Ù„Ø¨Ø© Ù†ÙØ³Ù‡ Ù‡ÙŠØ®Ù„ÙŠÙ‡Ø§ Ù…Ø¹Ø±Ø¶Ø© Ù„Ù„Ø£ØªØ±Ø¨Ø© Ø§ÙƒØªØ± Ø¨Ø³ Ø¨Ø±Ø¯Ùˆ ÙŠØ¸Ù„ ØªÙ†Ø¶ÙŠÙÙ‡Ø§ Ø§Ø³Ù‡Ù„ Ø¨ÙƒØªÙŠØ± Ù…Ù† Ø§Ù„Ø¹Ù„Ø¨ Ø§Ù„ØªØ§Ù†ÙŠØ© ÙŠØ¹Ù†ÙŠ Ø¹Ù„Ù‰ Ø§Ù„Ù…Ø¯Ù‰ Ø§Ù„Ø¨Ø¹ÙŠØ¯ Ù„Ù…Ø§ ØªÙŠØ¬ÙŠ ØªÙ†Ø¶ÙÙ‡Ø§ Ù…Ø´ Ù‡ØªØ­ØªØ§Ø¬ ÙƒÙŠØª ØªÙ†Ø¶ÙŠÙ Ø§Ù„Ø³Ù…Ø§Ø¹Ø§Øª Ø§Ù… Ù¡Ù Ù  Ø¬Ù†ÙŠØ© ÙˆÙ„Ø§ Ø­Ø§Ø¬Ø© ÙƒÙ„ Ø§Ù„Ù„ÙŠ Ø§Ù†Øª Ù…Ø­ØªØ§Ø¬Ù‡ Ù‡Ùˆ Ù…Ù†Ø¯ÙŠÙ„ Ø¨Ø³ Ùˆ Ø´ÙƒØ±Ø§\nÙ…ØºÙ†Ø§Ø·ÙŠØ³ ØªØ«Ø¨ÙŠØª Ø§Ù„Ø³Ù…Ø§Ø¹Ø© ÙÙŠ Ø§Ù„Ø¹Ù„Ø¨Ø© Ù…ØªÙˆØ³Ø· Ø§Ù„Ù‚ÙˆØ© Ø¨Ù…Ø¹Ù†Ù‰ Ø§Ù†Ù‡ ÙƒØ§ÙÙŠ Ø§Ù†Ù‡ ÙŠÙ…Ø³Ùƒ Ø§Ù„Ø³Ù…Ø§Ø¹Ø© Ùˆ ÙŠØ«Ø¨ØªÙ‡Ø§ Ù„Ùˆ Ø§Ù„Ø¹Ù„Ø¨Ø© Ù…ÙØªÙˆØ­Ù‡ Ùˆ Ù‚Ù„Ø¨ØªÙ‡Ø§ Ùˆ Ù‡Ø²ÙŠØªÙ‡Ø§ Ø´ÙˆÙŠØ© Ù…Ø«Ù„Ø§ ÙˆÙ„ÙƒÙ† Ø¨Ø§Ù„Ø±ØºÙ… Ù…Ù† ÙƒØ¯Ù‡ Ù…Ø´ Ù‡ÙŠØ¶Ø§ÙŠÙ‚Ùƒ Ùˆ Ø§Ù†Øª Ø¨ØªØ·Ù„Ø¹ Ø§Ù„Ø³Ù…Ø§Ø¹Ø©\n\nÙ…ÙŠØ²Ø§Øª Ø§Ø¶Ø§ÙÙŠØ© :\nÙ…Ø¹Ø§Ùƒ Ù…ÙŠØ²Ø© Ø§Ù† Ø§Ù„Ø³Ù…Ø§Ø¹Ø© Ø¨ØªØªØ¹Ø±Ù Ø§Ù† ÙƒØ§Ù†Øª ÙÙŠ ÙˆØ¯Ù†Ùƒ ÙˆÙ„Ø§ Ù„Ø§ Ø¨Ø§Ù„ØªÙ„Ù„ÙŠ Ø¨ØªÙˆÙ‚Ù Ø§Ù„ØªØ±Ø§Ùƒ Ø§Ùˆ Ø§ÙŠ Ø­Ø§Ø¬Ø© Ø¨ØªØ³Ù…Ø¹Ù‡Ø§ Ù„Ùˆ Ø´Ù„Øª ÙØ±Ø¯Ø© Ù…Ù† ÙˆØ¯Ù†Ùƒ\nØ¹Ù†Ø¯Ùƒ ÙƒÙ…Ø§Ù† Ù…ÙŠØ²Ø© Ø§Ù†Ùƒ ØªÙ‚Ø¯Ø± ØªÙˆØµÙ„Ù‡Ø§ Ø¨Ø¬Ù‡Ø§Ø²ÙŠÙ† ÙÙŠ Ø°Ø§Øª Ø§Ù„ÙˆÙ‚Øª\nØ§Ù„ØªØ±Ø§Ù†Ø³Ø¨ÙŠØ±Ù†Ø³ÙŠ Ù…ÙˆØ¯ Ø´ØºØ§Ù„ ÙƒÙˆÙŠØ³ Ø§Ù„ØµØ±Ø§Ø­Ø© Ù…Ø´ Ø¨ÙŠØ­ÙˆÙ„ Ø§Ù„ØµÙˆØª Ù„Ø±ÙˆØ¨ÙˆØª Ø§Ùˆ ÙŠØºÙŠØ±Ù‡ Ø¨Ø§Ù„Ø³Ù„Ø¨ Ø²ÙŠ Ø¨Ø¹Ø¶ Ø§Ù„Ø³Ù…Ø§Ø¹Ø§Øª ÙÙŠ Ø°Ø§Øª Ø§Ù„ÙØ¦Ø©\nØ§Ù„Ø³Ù…Ø§Ø¹Ø© Ø¨ØªØ¯Ø¹Ù… Ø¬ÙˆØ¬Ù„ ÙØ§Ø³Øª Ø¨ÙŠØ± ÙŠØ¹Ù†ÙŠ Ù…Ù† Ø§Ù„Ø§Ø®Ø± ÙƒØ¯Ù‡ Ø¨Ù…Ø¬Ø±Ø¯ Ù…Ø§ Ù‡ØªÙØªØ­ Ø¹Ù„Ø¨Ø© Ù„Ù„Ø³Ù…Ø§Ø¹Ø© Ù‡ØªØªÙˆØµÙ„ Ø¨Ø§Ù„Ù…ÙˆØ¨ Ù…Ø¨Ø§Ø´Ø±Ø© Ùˆ Ø¯ÙŠ Ù…ÙŠØ²Ø© Ø±ÙˆØ´Ø© Ù…Ø´ Ø§ÙŠ Ø­Ø¯ ÙŠÙ‚Ø¯Ø±Ù‡Ø§ Ø®Ø¯ Ø¨Ø§Ù„Ùƒ\nØ§Ù„Ø§Ø¨Ù„ÙƒÙŠØ´Ù† Ø¨ÙŠØ¨ÙŠÙ† Ù†Ø³Ø¨Ø© Ø§Ù„Ø´Ø­Ù† ÙÙŠ Ø§Ù„Ø¹Ù„Ø¨Ø© Ùˆ Ø§Ù„Ø³Ù…Ø§Ø¹ØªÙŠÙ†\nØ§Ù„ØªØ­ÙƒÙ… Ø¨Ø§Ù„Ù„Ù…Ø³ Ø¯Ù‚ÙŠÙ‚ Ùˆ Ù…Ø´ Ù‡ÙŠØ²Ø¹Ù„Ùƒ\n\nØ¨Ø³ ÙƒØ¯Ù‡ ÙŠØ§Ø¹Ù… ÙÙŠ Ø§Ù„Ù…Ø¬Ù…Ù„ Ø§Ù„Ø³Ù…Ø§Ø¹Ø© ØªØ§Ø®Ø¯\n8/10\nÙ…Ù† Ù†Ø§Ø­ÙŠØ© Ø§Ù„Ù‚ÙŠÙ…Ø© Ùˆ Ø§Ù„Ù…ÙŠØ²Ø§Øª Ø§Ù„Ù„ÙŠ Ø¨ØªÙ‚Ø¯Ù…Ù‡Ø§ Ù…Ù‚Ø§Ø¨Ù„ Ø§Ù„Ø³Ø¹Ø± ÙˆÙ„Ùˆ Ø¬Ø§ÙŠØ¨Ù‡Ø§ Ø¨Ø¹Ø±Ø¶ ÙƒÙˆÙŠØ³ ÙŠØ¨Ù‚Ø§ 10/10 Ù…Ø³ØªØ±ÙŠØ­\nØ¨Ø³ ÙƒØ¯Ù‡ ÙŠØ§Ø±Ø¨ Ø§ÙƒÙˆÙ† ÙÙŠØ¯ØªÙƒ ÙˆÙ„Ùˆ ÙÙŠÙ‡ Ø§ÙŠ ØªØ¹Ù„ÙŠÙ‚Ø§Øª Ø§Ùˆ ØªØºÙŠØ±Ø§Øª ÙÙŠ Ø§Ù„ØªØ¬Ø±Ø¨Ø© Ù‡Ø¹Ø¯Ù„ Ø§Ù„Ø±ÙŠÙÙŠÙˆ Ø¯Ù‡ Ùˆ Ø³Ù„Ø§Ù…\nRead more'}, {'Reviewer': 'Islam Mahmoud', 'Rating': '4.0 ', 'Date': 'Reviewed in Egypt on 1 August 2024', 'Review': 'Ø¬Ù…ÙŠÙ„Ù‡ ÙƒØµÙˆØª ÙˆÙ…ÙƒØ§Ù„Ù…Ø§Øª Ø¨Ø³ ØµÙˆØªÙ‡Ø§ Ù…Ø´ Ø¹Ø§Ù„ÙŠ Ø§ÙˆÙŠ ÙˆÙ„ÙƒÙ† ÙƒØ£Ø¯Ø§Ø¡ Ù…Ù‚Ø¨ÙˆÙ„ Ø¬Ø¯Ø§ ÙˆØ´ÙƒÙ„Ù‡Ø§ Ø¬Ù…ÙŠÙ„ ÙˆÙ…Ø±ÙŠØ­Ù‡'}, {'Reviewer': 'Ahmed M.', 'Rating': '5.0 ', 'Date': 'Reviewed in Egypt on 28 August 2024', 'Review': 'ÙƒÙˆØ§Ù„ØªÙŠ Ø§Ù„ØµÙˆØª Ø­Ù„ÙˆÙ‡ Ù…Ù‚Ø§Ø±Ù†Ù‡ Ø¨Ø§Ù„Ø³Ø¹Ø±\nØ§Ù„ noise cancelling Ù…Ù…ØªØ§Ø² Ø¨Ø§Ù„Ù†Ø³Ø¨Ù‡ Ù„Ù„Ø³Ø¹Ø± Ø¨Ø±Ø¯Ùˆ'}, {'Reviewer': 'Abdelrahman mohamed', 'Rating': '3.0 ', 'Date': 'Reviewed in Egypt on 29 August 2024', 'Review': 'Ø§Ù„Ø³Ù…Ø§Ø¹Ù‡ ÙƒÙ„ Ø­Ø§Ø¬Ù‡ ÙÙŠÙ‡Ø§ ÙƒÙˆÙŠØ³Ù‡ Ùƒ Ø´Ø­Ù† Ùˆ Ø´ÙƒÙ„ Ùˆ ØªØµÙ…ÙŠÙ… Ùˆ ØºÙ„Ø§Ù Ùˆ ÙˆØ²Ù† Ùˆ ÙƒÙ„ Ø­Ø§Ø¬Ù‡ Ø¨Ø³ Ø¹ÙŠØ¨Ù‡Ø§ Ø§Ù†Ù‡Ø§ Ù…Ø´ Ø¨ØªØ¹Ø²Ù„ Ø§Ù„ØµÙˆØª ÙŠØ¹ØªØ¨Ø± Ø®Ø§Ù„Øµ Ø¹Ø´Ø§Ù† Ù‡ÙŠ Ø¹Ø¶Ù… ÙˆÙ„Ùˆ ÙÙŠ Ø¬Ù†Ø¨Ùƒ Ø¯ÙˆØ´Ù‡ Ø¹Ø§Ù„ÙŠÙ‡ Ø§Ù†Øª Ù…Ù…ÙƒÙ† Ù…ØªØ³Ù…Ø¹Ø´ Ø§Ù†Øª Ù…Ø´ØºÙ„ Ø§ÙŠÙ‡ Ø§ØµÙ„Ø§'}, {'Reviewer': 'Ahmed R.', 'Rating': '5.0 ', 'Date': 'Reviewed in Egypt on 6 August 2024', 'Review': 'Ù…Ø§ØªØ±ÙŠØ§Ù„ ÙØ®Ù…Ù‡ Ø¬Ø¯Ø§ ØµÙˆØª Ø®Ø±Ø§ÙÙŠ ÙˆØªÙØ§ØµÙŠÙ„ Ù…Ø¨Ù‡Ø±Ø© Ø§Ù„Ø¹Ø²Ù„ Ù…Ø­ØªØ±Ù… ÙˆÙŠØ¹ØªÙ…Ø¯ Ø¹Ù„ÙŠÙ‡ Ø§Ù„Ù…ÙŠÙƒØ±ÙˆÙÙˆÙ†Ø§Øª Ø£Ø«Ù†Ø§Ø¡ Ø§Ù„Ù…ÙƒØ§Ù„Ù…Ø§Øª Ø¨ØªÙ‚Ø¯Ù… Ù…Ø³ØªÙˆÙ‰ Ø§Ø­ØªØ±Ø§ÙÙŠ ÙˆÙŠØ¹ØªÙ…Ø¯ Ø¹Ù„ÙŠÙ‡ ÙÙŠ Ø§Ù„Ø£Ù…Ø§ÙƒÙ† Ø§Ù„Ø²Ø­Ù…Ø© Ø¨ØªØ¹Ø²Ù„ Ø§Ù„Ø¶ÙˆØ¶Ø§Ø¡ Ø¨Ø´ÙƒÙ„ Ø§Ø­ØªØ±Ø§ÙÙŠ ÙÙŠ Ø§Ù„Ù…Ø¬Ù…Ù„ Ø§Ù„Ø³Ù…Ø§Ø¹Ø© Ù‚ÙŠÙ…Ø© Ù…Ù‚Ø§Ø¨Ù„ Ø³Ø¹Ø±'}]",In Ear,,,,,,,,,,,,,,6.5 x 4.8 x 2.6 cm; 39 g,,,,,,,,,,,China,16 Ohm,,,,,,,
"XFTOPSE QUANXI M10 Wireless Bluetooth 5.1 Headphones, IPX7 Wireless Charging Case Waterproof TWS Stereo Earphones Built-in Microphone.Sport Wireless Headphones,Black",2.6 out of 5 stars,276,,,https://m.media-amazon.com/images/I/61ueUjza47L._AC_SY355_.jpg,"About this item
x:li> ã€BEST CUSTOMER SERVICEã€‘ This headset has many features and is easy to use, great for running, mobile games, exercise, fitness, relaxation, travel,. Any questions please contact us and we will always be at your service.
x:li> ã€TWS & BLUETOOTH 5.1ã€‘QUANXI M10 Wireless Headphones Adopt the most advanced Bluetooth 5.1 Support HSP HFP A2DP AVRCP Provides stereo call sound Also has fast and stable transmission, no noise and delay, Strong compatibility, Universal IOS/Android, One button control, simple and stylish.
x:li>ã€Portable LED Flashlightã€‘To illuminate the dark night, the M10 TWS wireless headphones are equipped with low consumption LED bulb, which can be used as flashlight. On your dark way home alone, it will not only bring you an extraordinary musical experience, but also a bright light. The M10 TWS Wireless Multifunctional and Portable Headphones are your best and most reliable partner.
x:li>ã€Latency-Free Gaming Experienceã€‘M10-TWS Bluetooth headset has a powerful game mode function. When you use the M10-TWS Bluetooth headset to open the game and connect, you can perfectly enjoy the gaming and video experience, equipped with a large 8mm subwoofer unit, allowing you to have an immersive gaming experience feeling.
x:li>ã€One Step Pairingã€‘Take two headphones out of the charging box. They connect automatically and only one step easily enters the phone's Bluetooth setting to pair the headphones. Two-ear split design allows a single ear to be worn separately, equivalent to two independent Bluetooth headphones.
x:li>ã€Charge anytime, anywhereã€‘ Our M10 TWS wireless headphone charging box has a cool LED display on the outside. You can check the power of the wireless headphones and charging box at any time. It takes 40-50 minutes to fully charge the earphone (the headphone box with 2000mAh battery needs to be charged for 2 hours) and can last 4-5 hours to listen to music or calls continuously!",XFTOPSE,black,Inside Ear,Active Noise Cancellation,92 dB,M10 Wireless Bluetooth Headphones,Wireless,Bluetooth,"QUANXI M10 Wireless Bluetooth 5.1 Headphones Wireless Bluetooth 5.0 Headphones, IPX7 Wireless Charging Case Waterproof TWS Stereo Headphones Built-in Microphone., Premium Sound with Deep Bass for Sport,Bluetooth Headset with Microphone,Sports Bluetooth Headphones,High Definition Bluetooth Headset,Wireless Bass HeadsetQUANXI M10 Wireless Bluetooth 5.1 Headphones Wireless Bluetooth 5.0 Headphones, IPX7 Wireless Câ€¦See more",,,,5 May 2023,XFTOPSE,B08XBWMCZW,M10 Fones de ouvido sem fio Bluetooth,"[{'Reviewer': 'Ahmed', 'Rating': '1.0 ', 'Date': 'Reviewed in Egypt on 1 September 2023', 'Review': 'ØµÙˆØªÙ‡Ø§ ÙƒÙˆÙŠØ³ Ø¨Ø³ Ø¨ÙŠÙ‚Ø·Ø¹ ÙˆØ¬Ø§ÙŠØ§Ù„ÙŠ Ù…ÙØªÙˆØ­Ù‡ Ù‚Ø¨Ù„ ÙƒØ¯Ù‡ ÙˆÙ†Ø§Ù‚Øµ Ù…Ù†Ù‡Ø§ Ø§Ù„Ø¨Ù„Ø§Ø³ØªÙŠÙƒ Ø§Ù„ÙŠ Ø¨ÙŠÙƒÙˆÙ† Ø¯Ø§Ø®Ù„ Ø§Ù„Ø§Ø°Ù† Ø¨ÙŠÙƒÙˆÙ† Ù£ Ù…Ù‚Ø§Ø³Ø§Øª Ù…Ø®ØªÙ„ÙÙ‡ ÙˆÙ…Ø´ Ù…ÙˆØ¬ÙˆØ¯ Ù…Ø¹ Ø§Ù„Ø³Ù…Ø§Ø¹Ù‡'}, {'Reviewer': 'Ø³Ù…Ø§Ø¹Ø§Øª Ù…Ù…ØªØ§Ø²Ù‡ ÙˆØµÙˆØªÙ‡Ø§ Ø¹Ø§Ù„Ù‰ ÙˆÙˆØ§Ø¶Ø­ Ø¨Ø¬Ø¯ Ù…Ù†ØªØ¬ Ø¬Ù…ÙŠÙ„', 'Rating': '5.0 ', 'Date': 'Reviewed in Egypt on 5 March 2024', 'Review': 'Ù…Ù…ØªØ§Ø²Ù‡ ÙˆØµÙˆØªÙ‡Ø§ Ø¹Ø§Ù„Ù‰ ÙˆÙˆØ§Ø¶Ø­ Ù…Ù†ØªØ¬ Ø¬Ù…ÙŠÙ„'}, {'Reviewer': 'Awpo532', 'Rating': '1.0 ', 'Date': 'Reviewed in Egypt on 22 August 2024', 'Review': 'Ø§Ù„Ø³Ù…Ø§Ø¹Ø© Ø§Ù„ÙŠÙ…ÙŠÙ† ØµÙˆØªÙ‡Ø§ Ø³Ø¦ ÙˆØ¨Ø§Ø¸Øª Ø¨Ø¹Ø¯ Ø£Ù‚Ù„ Ù…Ù† Ø£Ø³Ø¨ÙˆØ¹\nÙ„Ø§ Ø£Ù†ØµØ­ Ø£Ø­Ø¯ Ø¨Ø´Ø±Ø§Ø¦Ù‡'}, {'Reviewer': 'Ù…Ù†ØªØ¬ Ø¬Ù…ÙŠÙ„ Ø¨Ø³Ù„Ùˆ ÙƒØ§Ù† Ø´ØºØ§Ù„ Ø²ÙŠ Ø§Ù„Ù„ÙŠ Ø§Ù†Ø§ Ø§Ø´ØªØ±ÙŠØªÙ‡Ù… Ù…Ù† Ø¨Ø§Ø¦Ø¹ Ø§Ø®Ø±', 'Rating': '3.0 ', 'Date': 'Reviewed in Egypt on 27 August 2024', 'Review': 'Ù„Ùˆ Ù…Ù…ÙƒÙ† Ø§Ø³ØªØ¨Ø¯Ù„Ù‡ Ø¨Ù†ÙØ³ Ø§Ù„Ù…Ù†ØªØ¬ Ø¨Ø³ ÙŠÙƒÙˆÙ† Ø´ØºØ§Ù„ ÙƒÙˆÙŠØ³'}, {'Reviewer': 'Abo Nezar', 'Rating': '4.0 ', 'Date': 'Reviewed in Egypt on 30 March 2024', 'Review': 'Ø¨Ø§Ù„Ù†Ø³Ø¨Ø© Ù„Ø³Ø¹Ø±Ù‡Ø§ Ø¬ÙŠØ¯Ø© Ø¬Ø¯Ø§'}]",Open Ear,,,,,,,,,,,,,,11 x 10 x 4 cm; 100 g,,,,,,,,,No,,,,,,,,,,
"Sony WH-1000XM5 Noise Cancelling Wireless Headphones - 30 hours battery life - Over-ear style - Optimised for Alexa and the Google Assistant - with built-in mic for phone calls - Black, Bluetooth",4.6 out of 5 stars,"16,950"," List Price: EGPÂ 19,950.00 ",-15%,https://m.media-amazon.com/images/I/61BP0d2-0AL._AC_SY355_.jpg,"About this item
The new Integrated Processor V1 unlocks the full potential of our HD Noise Cancelling Processor QN1 to deliver our biggest step forward in our (already.) industry-leading noise cancellation technology.
Precision-engineered to deliver exceptional High-Resolution Audio quality. Our Precise Voice Pickup Technology with newly developed wind noise reduction will also ensure you can hear and be heard clearly when taking calls on these noise cancelling headphones.
Smart, intuitive, and intelligent. Adaptive Sound Control automatically adjusts the sound settings based on your environment and activity, and Speak-to-Chat automatically pauses the music when you want to have a conversation, without you having to remove the over ear headphones.
Brand : Sony",Sony,Black,Over Ear,Active Noise Cancellation,94 dB,WH 1000XM5,Wireless,Bluetooth,"Foldable, Microphone Included, Fast Charging","Cable, User Manual, Ear Cushions, Protective Case",1 Lithium Ion batteries required. (included),,30 September 2022,,B09ZFD9CBB,WH1000XM5B,"[{'Reviewer': 'MinaGamer98', 'Rating': '5.0 ', 'Date': 'Reviewed in Egypt on 13 August 2024', 'Review': 'Ø£Ù†Ø§ Ø¨ØµØ±Ø§Ø­Ø© ÙƒÙ†Øª Ù…ØªØ®ÙˆÙ Ø§Ù„Ø§ÙˆÙ„ Ø§Ù†ÙŠ Ø§Ø´ØªØ±ÙŠ Ø¨Ø³ ÙØ¹Ù„Ø§ ÙŠÙˆÙ… Ø¹Ù† ÙŠÙˆÙ… Ø¨ØªØ²ÙŠØ¯ Ø«Ù‚ØªÙŠ ÙÙŠ Ø£Ù…Ø§Ø²ÙˆÙ†\nØ£Ù†Ø§ Ù„Ø³Ù‡ Ù…Ø³ØªÙ„Ù…Ù‡Ø§ Ø§Ù…Ø¨Ø§Ø±Ø­ Ø§Ù„Ø³Ù…Ø§Ø¹Ø© Ø¬Ù…ÙŠÙ„Ø© Ù…Ø±ÙŠØ­Ø© Ù…Ù…ÙƒÙ† Ø¨Ø³ Ø§Ù„Ø±Ø®Ù… Ø§Ù†ÙŠ Ù„Ùˆ Ù…ÙˆØµÙ„Ù‡Ø§ Ø¨Ø¬Ù‡Ø§Ø²ÙŠÙ† Ùˆ Ø¹Ø§ÙŠØ² Ø§Ø³Ù…Ø¹ Ø¬Ù‡Ø§Ø² ØªØ§Ù†ÙŠ Ù„Ø§Ø²Ù… Ø§Ø¯Ø®Ù„ Ø§Ù„ØªØ·Ø¨ÙŠÙ‚ Ø§ØºÙŠØ± Ø§Ø³Ù…Ø¹ ØµÙˆØª Ù…Ù† Ø§ÙŠ Ø¬Ù‡Ø§Ø² Ø£Ù†Ø§ ÙƒÙ†Øª ÙØ§ÙƒØ± Ø§Ù†ÙŠ Ø§Ù‚Ø¯Ø± Ø§Ø³Ù…Ø¹ Ø§Ù„ØµÙˆØª Ù…Ù† Ø§Ù„Ø¬Ù‡Ø§Ø²ÙŠÙ† ÙÙŠ Ù†ÙØ³ Ø§Ù„ÙˆÙ‚Øª Ùˆ Ø¯Ù‡ Ø³Ø¨Ø¨Ù„ÙŠ Ø®ÙŠØ¨Ø© Ø§Ù…Ù„ Ù„Ø§Ù† Ø¹Ù†Ø¯ÙŠ Ø¨Ø§Ù„ÙØ¹Ù„ Steelseries Arctis nova pro wireless Ø§Ù‚Ø¯Ø± Ø§ÙˆØµÙ„ Ø¬Ù‡Ø§Ø² Ø¨Ù„ÙˆØªÙˆØ« Ùˆ Ø§Ù„ØªØ§Ù†ÙŠ Ù„Ø§Ø³Ù„ÙƒÙŠ ÙÙŠ Ø§Ù„Ø¯ÙˆÙƒ Ø¨ØªØ§Ø¹Øª Ø§Ù„Ø³Ù…Ø§Ø¹Ø© Ùˆ Ø§Ù‚Ø¯Ø± Ø§Ø³Ù…Ø¹ ØµÙˆØª Ù…Ù† Ø§Ù„Ø¬Ù‡Ø§Ø²ÙŠÙ† Ù…Ø¹ Ø¨Ø¹Ø¶\nØ¨Ø³ Ø¨Ø¹ÙŠØ¯ Ø¹Ù† ÙƒØ¯Ø© ØµÙˆØªÙ‡Ø§ Ø­Ù„Ùˆ Ùˆ Ø¬Ù…ÙŠÙ„ Ù…Ø¹ Ø§Ù†ÙŠ Ù…Ù† ØªØ¬Ø±Ø¨Ø© Ø³Ø§Ø¨Ù‚Ø© Ù„Ø§ÙŠØ± Ø¨ÙˆØ¯Ø² Ù…Ø§ÙƒØ³ Ø§Ø¹ØªÙ‚Ø¯ Ø§Ø¹Ù„ÙŠ Ù…Ù† Ø§Ù„Ø³ÙˆÙ†ÙŠ Ø¨Ø³ Ø¨Ø±Ø¶Ùˆ ÙÙŠ Ø¹Ø´Ø±ÙŠÙ† Ø§Ù„Ù ÙØ±Ù‚ Ø³Ø¹Ø± Ùˆ Ù„ÙƒÙ† ÙÙŠ Ø§Ù„Ø¹Ø²Ù„ Ø³ÙˆÙ†ÙŠ Ø¨Ø¬Ø¯ Ø¬Ø§Ù…Ø¯Ø© Ø¬Ø¯Ø§\nÙ‡Ùˆ Ø²ÙŠ Ù…Ø§ Ù‚Ù„Øª Ø£Ù†Ø§ Ù„Ø³Ù‡ Ù…Ø³ØªÙ„Ù…Ù‡Ø§ Ø§Ù…Ø¨Ø§Ø±Ø­ Ùˆ Ù…Ø¹Ø±ÙØ´ Ø§Ù‚Ø¯Ø± Ø§Ø¹Ø¯Ù„ Ø¹Ù„ÙŠ Ø§Ù„Ù…Ø±Ø§Ø¬Ø¹Ø© ÙˆÙ„Ø§ Ù„Ø§ Ø¨Ø³ ÙÙŠ Ø§Ù„Ù…Ø³ØªÙ‚Ø¨Ù„ Ù„Ùˆ ÙˆØ§Ø¬Ù‡ØªÙ†ÙŠ Ø§ÙŠ Ù…Ø´ÙƒÙ„Ø© ÙŠØ§ Ø§Ù…Ø§ Ù‡Ø¹Ø¯Ù„ Ø§Ù„Ù…Ø±Ø§Ø¬Ø¹Ø© ÙŠØ§ Ø§Ù…Ø§ Ù‡Ù†Ø²Ù„ Ù…Ø±Ø§Ø¬Ø¹Ø© ØªØ§Ù†ÙŠØ©'}, {'Reviewer': 'Todo perfecto pero se demoro un poco en llegar', 'Rating': '5.0 ', 'Date': 'Reviewed in the United States on 2 June 2024', 'Review': 'Todo perfecto audifonos de primera calidad, el envio si toca tener paciencia pero llega todo bien'}, {'Reviewer': 'Sash', 'Rating': '5.0 ', 'Date': 'Reviewed in the United Arab Emirates on 12 December 2023', 'Review': 'Pros: Itâ€™s light with comfortable memory foam, sturdy and has amazing sound quality, battery life and connectivity. I love seamless noice cancellation and transparency mode and gestures (itâ€™s like magic). I also got it pre-owned from Amazon and saved about 50% off the original retail price. Well worth it!\n\nCons: When not in use, wearing it around your neck is quite uncomfortable. I think I would prefer something with a bit more bass.. While the sound stage is dynamic and clear, it does not sound as punchy as JBL drivers but thatâ€™s not a deal breaker.\n\nVerdict: highly recommend it!'}, {'Reviewer': 'Adel Sabry', 'Rating': '5.0 ', 'Date': 'Reviewed in Saudi Arabia on 22 August 2024', 'Review': 'Ø³Ù…Ø§Ø¹Ø© Ø®Ø±Ø§ÙÙŠØ© ØµÙˆØª ÙˆØ¹Ø²Ù„ ÙˆØ¨ÙŠØ² ÙˆÙƒÙ„ Ø´ÙŠØ¡'}, {'Reviewer': 'Bonnie', 'Rating': '5.0 ', 'Date': 'Reviewed in Australia on 14 August 2024', 'Review': ""These are the best headphones I've ever used, those I've spoken to on the phone day its better sound quality than my usual phone and old headphones, so if you're worried about using them for work calls don't be they're perfect. Easy to use and customise the sound. The NOISE CANCELLING IS AMAZING. Even without music playing the world is silent. Im so so happy""}]",Over Ear,3.5 mm Jack,Adult,"Polycarbonate (PC), Leather",music,Calling,Cellphones,Video Game,No subject character,Alexa,Without Cable,250 g,Not Water Resistant,1 1,27 x 21 x 7 cm; 250 g,Black,,,"Polycarbonate (PC), Leather",Medium,"4.64.6 out of 5 stars1,165 ratings4.6 out of 5 stars","#13,932 in Electronics (See Top 100 in Electronics)#149 inOver-Ear Headphones",,,,,,,,,Lithium,,,
"JBL Tune510 headphones Black, Wireless",4.6 out of 5 stars,"2,017",,,https://m.media-amazon.com/images/I/719HaHE3qdL._AC_SY355_.jpg,"About this item
Feel the rhythm of the beat with Jbl Tune510BT wireless headphones featuring crisp powerful Jbl Pure Bass Sound which can be found in the most famous venues all around the world
Easy to use these headphones provide up to 40 hours of pure pleasure and an extra 2 hours of battery with just 5 minutes of power with the USB-C charging cable
Wirelessly stream high-quality sound from your phone without a messy cord while multi-point connections allow you to switch effortlessly from one Bluetooth device to another
A lightweight foldable design allows you to easily carry your headphones on-the-go combined with soft padded ear cushions to keep ears comfy all day long",JBL,Black,,None,103 dB,Tune510,"Wireless, Wired",,"Lightweight, Foldable, Pure, Wireless, Bluetooth, Padded, Soft, Sound","user manual, ear cushions, protective case, cable",1 A batteries required. (included),,29 January 2021,,B08VD6SRBZ,JBLT510BTBLKEU,"[{'Reviewer': 'Assem elhosein', 'Rating': '5.0 ', 'Date': 'Reviewed in Egypt on 28 July 2024', 'Review': 'Ø³Ù…Ø§Ø¹Ù‡ ÙƒÙˆÙŠØ³Ù‡ Ùˆ ÙÙˆÙ‚ Ø§Ù„Ù…Ù…ØªØ§Ø² Ù„ÙƒÙ† Ø§ØªØ³Ø±Ù‚Øª Ù…Ù†ÙŠğŸ˜‚'}, {'Reviewer': 'Ø§Ù„Ø¨Ø±Ù†Ø³', 'Rating': '5.0 ', 'Date': 'Reviewed in Egypt on 22 May 2024', 'Review': 'Ù…Ù…ØªØ§Ø²Ø©'}, {'Reviewer': 'Ø¬Ù…ÙŠÙ„ ÙˆÙ†Ø§Ø¹Ù… Ø¹Ù„Ù‰ Ø§Ù„Ø¬Ø³Ù…', 'Rating': '4.0 ', 'Date': 'Reviewed in Egypt on 24 April 2024', 'Review': 'Ø¬Ù…ÙŠÙ„Ø©'}, {'Reviewer': 'Nehal Ahmed', 'Rating': '5.0 ', 'Date': 'Reviewed in Egypt on 12 May 2024', 'Review': 'Ø£Ù†ØµØ­ Ø¨Ø´Ø±Ø§Ø¦Ù‡Ø§'}, {'Reviewer': 'Ebaida Shawky', 'Rating': '5.0 ', 'Date': 'Reviewed in Egypt on 27 March 2024', 'Review': 'Clear sound, long lasting battery, fast charging.'}]",Over Ear,3.5 mm Jack,Adult,"Polycarbonate (PC), Leather, Plastic",Gaming,Gaming,smartphones,Video Game,no subject character,Siri,Without Cable,159 g,Not Water Resistant,1 umit,27 x 23 x 26 cm; 159 g,Black,USB Type C,,"Polycarbonate (PC), Leather, Plastic",,"4.64.6 out of 5 stars23,266 ratings4.6 out of 5 stars","#6,090 in Electronics (See Top 100 in Electronics)#81 inOver-Ear Headphones",,,,,,20Hz - 20kHz,,2,,,,
"JBL Tune510 headphones Blue, Wireless",4.5 out of 5 stars,"2,000"," Was: EGPÂ 2,099.00 ",-5%,https://m.media-amazon.com/images/I/61650TfCHML._AC_SY355_.jpg,"About this item
Pure bass miracle: the wireless tune headphones shine with unbeatable JBL Pure Bass sound quality and rich, powerful bass - for a feeling of being in the middle instead of just there
6 minutes. Charging takes 2 hours. Listening: high battery capacity combined with fast charging function - Bluetooth headphones for up to 40 hours of music enjoyment / built-in microphone for making calls on the go
Control the wireless headphones via one button operation and access to Siri or Google Now at the touch of a button. Multipoint connections for easy switching from one Bluetooth device to another
Lightweight, musical companion: the on-ear headphones are made of ultra-soft materials so that they sit comfortably on the ear at all times - it is also foldable and easy to store
Box contents: 1 x Tune 510 BT on-ear headphones in black from JBL / powerful battery / music streaming without tangles / microphone and voice assistance / 1 x USB-C charging cable / warning / warranty card",JBL,Blue,On Ear,Active Noise Cancellation,94 dB,JBLT510BTBLUEU,Wireless,Bluetooth,Microphone Included,Cable,1 Lithium Polymer batteries required. (included),,29 January 2021,,B08VDJYLS5,JBLT510BTBLUEU,"[{'Reviewer': 'Faten Shiha', 'Rating': '5.0 ', 'Date': 'Reviewed in Egypt on 28 May 2024', 'Review': 'Ù…ØµØ¯Ø§Ù‚ÙŠØ© ÙÙ‰ Ø§Ù„Ù…ÙˆØ§ØµÙØ§Øª'}, {'Reviewer': 'bahaa.mohy_M5Y1G1', 'Rating': '5.0 ', 'Date': 'Reviewed in Egypt on 27 March 2024', 'Review': 'Ø§Ù„Ø³Ù…Ø§Ø¹Ø© Ø¬Ù…ÙŠÙ„Ø© Ø¬Ø¯Ø§ Ùˆ Ø§ØµÙ„ÙŠØ©'}, {'Reviewer': 'S.M.', 'Rating': '5.0 ', 'Date': 'Reviewed in Egypt on 25 March 2024', 'Review': 'ØµÙˆØªÙ‡Ø§ Ù†Ù‚ÙŠ\nØ§Ù„Ø´Ø­Ù†Ø© Ø¨ØªÙƒÙ…Ù„ Ù…Ø¹Ø§Ùƒ ÙØªØ±Ø© Ø·ÙˆÙŠÙ„Ø©\nØ®Ø§Ù…Ø§Øª Ø¹Ø§Ù„ÙŠØ©'}, {'Reviewer': 'Mana', 'Rating': '5.0 ', 'Date': 'Reviewed in Egypt on 21 April 2024', 'Review': ""I really can't explain how loud the JBL headphones were, and how it let others hear what you were listing.The JBL headphones also charge quickly, so you can use them for extended periods of time without worrying about the battery running out too fast, It's been a week or two and I haven't charged it Yet. All in all, I think the JBL headphones are amazing and highly recommended for listening to loud music, studying, or just having fun. I received mine today, and its really good!!""}, {'Reviewer': 'Abeer A.', 'Rating': '5.0 ', 'Date': 'Reviewed in Egypt on 26 February 2024', 'Review': 'Ù„ÙˆÙ†Ù‡Ø§ Ø­Ù„Ùˆ Ø¬Ø¯Ø§ Ùˆ ØµÙˆØªÙ‡Ø§ clear Ùˆ Ø¨ØªØ´Ø­Ù† Ø¨Ø³Ø±Ø¹Ù‡ Ùˆ Ø¨ØªÙØ¶Ù„ Ù…Ø¯Ù‡ Ø·ÙˆÙŠÙ„Ù‡'}]",On Ear,3.5 mm Jack,Adult,Plastic,music,"Exercising, Gaming","Cellphones, Tablets, Music Production Equipment, Laptops, Desktops",Video Game,no subject character,Siri,Without Cable,160 g,Not Water Resistant,1 Unit,40 x 40 x 20 cm; 160 g,Blue,,,Plastic,S,"4.54.5 out of 5 stars7,669 ratings4.5 out of 5 stars","#16,222 in Electronics (See Top 100 in Electronics)#22 inOn-Ear Headphones",20 KHz,,,,,20Hz - 20kHz,,6 minutes,Lithium Ion,,,
"JBL Tune510 headphones Rose, Wireless",4.6 out of 5 stars,"2,299",,,https://m.media-amazon.com/images/I/51tXqaqsOML._AC_SY355_.jpg,"About this item
Pure bass miracle: the wireless tune headphones shine with unbeatable JBL Pure Bass sound quality and rich, powerful bass - for a feeling of being in the middle instead of just there
7 minutes. Charging takes 2 hours. Listening: high battery capacity combined with fast charging function - Bluetooth headphones for up to 40 hours of music enjoyment / built-in microphone for making calls on the go
Control the wireless headphones via one button operation and access to Siri or Google Now at the touch of a button. Multipoint connections for easy switching from one Bluetooth device to another
Lightweight, musical companion: the on-ear headphones are made of ultra-soft materials so that they sit comfortably on the ear at all times - it is also foldable and easy to store
Box contents: 1 x Tune 510 BT on-ear headphones in black from JBL / powerful battery / music streaming without tangles / microphone and voice assistance / 1 x USB-C charging cable / warning / warranty card",JBL,Rose,On Ear,Active Noise Cancellation,94 dB,JBLT510BTROSEU,Wireless,Bluetooth,Microphone Included,Cable,1 Lithium Polymer batteries required. (included),,29 January 2021,,B08VDRT9VX,JBLT510BTROSEU,"[{'Reviewer': 'Walaa Hassaan', 'Rating': '5.0 ', 'Date': 'Reviewed in Egypt on 30 November 2022', 'Review': 'Ø¬ÙŠØ¯Ø© Ø¬Ø¯Ø§'}, {'Reviewer': 'Noor ali', 'Rating': '5.0 ', 'Date': 'Reviewed in Egypt on 19 March 2023', 'Review': 'ITS SO GOOD! its a must buyğŸ˜©ğŸ«¶ğŸ½ğŸ«¶ğŸ½'}, {'Reviewer': 'Hussein Magdi Hussein', 'Rating': '5.0 ', 'Date': 'Reviewed in Egypt on 6 May 2023', 'Review': 'I liked it â¤ï¸'}, {'Reviewer': 'Ù…Ø­Ù…Ø¯ Ø§Ø­Ù…Ø¯', 'Rating': '5.0 ', 'Date': 'Reviewed in Egypt on 20 May 2022', 'Review': 'ØºØ§Ù„ÙŠÙ‡ Ø¬Ø¯Ø§ Ø§ÙƒØªØ± Ù…Ù† Ø§Ù„Ù Ø¬Ù†ÙŠÙ‡ Ø²ÙŠØ§Ø¯Ù‡. Ø§Ø³ØªØºÙ„Ø§Ù„ Ø§Ù„ØªØ¬Ø§Ø±'}, {'Reviewer': 'ErdinÃ§', 'Rating': '5.0 ', 'Date': 'Reviewed in Turkey on 26 August 2024', 'Review': 'Ã§ok kaliteli kullanÄ±ÅŸlÄ± ergonomik'}]",On Ear,3.5 mm Jack,Adult,Plastic,music,"Exercising, Gaming","Cellphones, Tablets, Music Production Equipment, Laptops, Desktops",music,no subject charcater,Siri,Without Cable,160 g,Not Water Resistant,1 pcs,40 x 40 x 20 cm; 160 g,Rose,,,Plastic,S,"4.64.6 out of 5 stars4,221 ratings4.6 out of 5 stars","#3,057 in Electronics (See Top 100 in Electronics)#3 inOn-Ear Headphones",20 KHz,,,,,20Hz - 20kHz,,2,Lithium Ion,,,
"JBL Tune 770NC Adaptive Noise Cancelling Wireless Over-Ear Headphones, Pure Bass Sound, Smart Ambient, Bluetooth 5.3, Le Audio, VoiceAware, 70H Battery, Multi-Point Connect - Purple, JBLT770NCPUR",4.6 out of 5 stars,"4,620",,,https://m.media-amazon.com/images/I/51ZFuhJSR2L._AC_SY355_.jpg,"About this item
[Adaptive Noise Cancelling with Smart Ambient] - Adaptive Noise Cancelling means zero distractions when itâ€™s time to focus on your studiesâ€”or get your groove on. And if you want to hear the world around you without removing your headphones, Ambient Aware and TalkThru sharpen the sounds of your surroundings or voices. Easily activate these Ambient Sound Control modes through the JBL Headphones app.
[Bluetooth 5.3 with LE Audio] - Wirelessly stream high-quality JBL Pure Bass Sound from your smartphone with the help of the latest Bluetooth technology. Optimize the Bluetooth performance with the Smart Audio & Video feature in the JBL Headphones app by selecting the Audio (for the best sound quality) or the Video (for an optimal gaming and video output) modes.
[JBL Pure Bass Sound] - JBL Tune 770NC headphones feature renowned JBL Pure Bass soundâ€”the same that powers the most famous music venues all around the world.
[Customize your Listening Experience] - Download the free JBL Headphones App to tailor the sound to your taste by choosing one of the pre-set EQ modes or adjusting the EQ curve according to your content, your style, your taste. Voice Prompts in your language guide you through the Tune 770NCâ€™s other features.
[Hands-Free Calls with VoiceAware] - Easily control your sound and manage your calls from your headphones with the convenient buttons on the ear-cup. Hear your voice while youâ€™re talking, with the help of VoiceAware.",JBL,Purple,Over Ear,Active Noise Cancellation,100 dB,JBLT770NCPUR,,,,,1 Lithium Ion batteries required.,,7 September 2023,JBL,B0C662ZCSY,JBLT770NCPUR,"[{'Reviewer': 'Sarka Crosby', 'Rating': '5.0 ', 'Date': 'Reviewed in the United Kingdom on 10 July 2024', 'Review': ""These headphones work extremely well. They have a very decent sound, as good as more expensive ones I've tried. They have several features all of which work perfectly. The charge lasts a good while even with heavy use.""}, {'Reviewer': 'Brucksch Mandy', 'Rating': '5.0 ', 'Date': 'Reviewed in Germany on 5 July 2024', 'Review': '-Wie immer Ã¼berzeugt (seit Jahren schon und nun das 4 Paar KopfhÃ¶rer) mich bei JBL das Preis-LeistungsverhÃ¤ltnis und die wertige Verarbeitung trotz das es ""PlastigkopfhÃ¶rer"" sind!Ja es ist kein High-End/Profi GerÃ¤t doch fÃ¼r den tÃ¤glichen Gebrauch echt super (selber schon viele von billig bis Ã¼ber 100â‚¬ getestet).\n-Die GerÃ¤uschunterdrÃ¼ckung ist sehr gut,lÃ¤uft Problemlos&zuverlÃ¤ssig.Auch wenn diese ausgeschaltet ist und viel im Hintergrund los ist,hÃ¶rt man seine Musik klar+deutlich.\n-Bluetooth Verbindung ist stabil und wurde sofort vom Handy erkannt&gekoppelt.Auch die Entfernung ist vÃ¶llig ausreichend&zufriedenstellend (besser wie bei meinen JBL in ear live pro 2)\n-Der Klang ist schon in Ordnung wenn man sie auspackt und ""Probe"" hÃ¶rt auf die Schnelle aaaaaaber ich empfehle wirklich die dazu gehÃ¶rige App (kostenlos im Store) so das der Sound und Bass (sehr Kraftvoll) noch individuell personalisiert werden kann.\n-Die Akkulaufzeit an sich ist ein Traum ebenso die kurze Ladedauer-ã€‹wer es eilig hat lÃ¤dt schnell ein paar Minuten und kann dann wieder fÃ¼r Stunden die KopfhÃ¶rer nutzen.\n-Wer die App regelmÃ¤ÃŸig nutzt wird feststellen,daÃŸ dafÃ¼r regelmÃ¤ÃŸige Updates kommen.Bevor sie dauerhaft genutzt werden empfehle ich das neue Update runter zu laden (nimmt ungefÃ¤hr 10min in Anspruch).Danach kann auch das deutsche Program runtergehen werden und somit auf deutsch auch alles eingestellt werden.\n-Ein kleines Manko fÃ¼r mich persÃ¶nlich betrifft die LautstÃ¤rke der KopfhÃ¶rer-ã€‹wenn ich es lauter haben mÃ¶chte muss ich weit stellen-dies war meinen billigen JBL 500BT nicht der Fall....die waren/sind von Haus aus deutlich lauter irgendwie-ich hoffe wirklich das JBL da noch nachbessert irgendwie.Ich war am Anfang kurz erschrocken und dachte wirklich mein HÃ¶rvermÃ¶gen ist plÃ¶tzlich schlechter geworden\nRead more'}, {'Reviewer': 'Ø®Ø§Ù„Ø¯', 'Rating': '5.0 ', 'Date': 'Reviewed in Saudi Arabia on 13 March 2024', 'Review': 'Ø¬Ù…ÙŠÙ„Ù‡ Ù…Ù† Ù†Ø§Ø­ÙŠØ© Ø§Ù„Ø®ÙÙ‡ ÙˆÙ…Ø¯Ø© Ø§Ù„Ø´Ø­Ù† ÙˆÙ…Ø±ÙˆÙ†ØªÙ‡Ø§ ØŒ ØªÙ… ØªØ¬Ø±Ø¨ØªÙ‡Ø§ Ù„Ù„Ø§Ù„Ø¹Ø§Ø¨ Ø§ÙƒØ«Ø± Ù…Ù† 10 Ø³Ø§Ø¹Ø§Øª Ù…ØªÙˆØ§ØµÙ„Ù‡ ÙˆØ¨Ø·Ø§Ø±ÙŠØªÙ‡Ø§ Ø¨Ø§Ù‚ÙŠ 5 Ø§Ø¶Ø¹Ø§Ù Ø§Ù„Ù…Ø¯Ù‡ Ø§Ù„Ù…Ø³ØªØ®Ø¯Ù…Ù‡ ÙˆØ¹Ø²Ù„ Ø§Ù„ØµÙˆØª Ø¬Ø¨Ø§Ø± ÙˆØµÙˆØªÙ‡Ø§ ÙˆØ§Ø¶Ø­ Ø¬Ø¯Ø§\nØ¨Ø§Ù„Ø¹Ø±Ø¨ÙŠ ØªØ³ØªØ§Ù‡Ù„ Ø³Ø¹Ø±Ù‡Ø§ ÙˆØªØ³ØªØ§Ù‡Ù„ 5 Ù†Ø¬ÙˆÙ…'}, {'Reviewer': 'ClÃ©ment', 'Rating': '5.0 ', 'Date': 'Reviewed in France on 9 March 2024', 'Review': ""J'ai reÃ§u le casque rapide. La couleur et magnifique dans la boÃ®te nous avons mÃªme un petit sac pour mettre le casque dedans avec son cÃ¢ble. J'utilise le casque 4 fois par semaine pendant 3h et je n'ai toujours pas recharger le casque depuis 6 semaines. TrÃ¨s agrÃ©able Ã  porter. Plusieurs langue son disponible avec l'application. Il y a des rÃ©glage prÃ©dÃ©finis en fonction de la performance d'Ã©coute que nous souhaitons. Le casque a un trÃ¨s bon son je ne m'attendais pas Ã  cela et mÃªme sans le mode rÃ©ducteur de bruit il y a trÃ¨s peu de bruit.""}, {'Reviewer': 'Hanadi Khaled', 'Rating': '5.0 ', 'Date': 'Reviewed in Saudi Arabia on 7 January 2024', 'Review': 'Ø±Ø§Ø¦Ø¹Ù‡ ØµÙˆØªÙ‡Ø§ Ù…Ù…ØªØ§Ø² ÙˆØ§Ù„Ø¹Ø²Ù„ Ø±Ø§Ø¦Ø¹ğŸ‘ğŸ»'}]",Over Ear,3.5 mm Jack,,,,,,,,,,,,,50 x 50 x 28 cm; 232 g,,,,,,,,20 KHz,No,English,,32 Ohm,,,,,,,
"Sony WH 1000XM5 Noise Cancelling Wireless Headphones 30 hours battery life Over ear style Optimised for Alexa and the Google Assistant with built in mic for phone calls, Beige",4.6 out of 5 stars,"15,999"," List Price: EGPÂ 27,999.00 ",-43%,https://m.media-amazon.com/images/I/6169m-oKFEL._AC_SY355_.jpg,"About this item
The new Integrated Processor V1 unlocks the full potential of our HD Noise Cancelling Processor QN1 to deliver our biggest step forward in our (already.) industry-leading noise cancellation technology.
Precision-engineered to deliver exceptional High-Resolution Audio quality. Our Precise Voice Pickup Technology with newly developed wind noise reduction will also ensure you can hear and be heard clearly when taking calls on these noise cancelling headphones.
Smart, intuitive, and intelligent. Adaptive Sound Control automatically adjusts the sound settings based on your environment and activity, and Speak-to-Chat automatically pauses the music when you want to have a conversation, without you having to remove the over ear headphones.
Brand : Sony",Sony,Beige,Over Ear,Active Noise Cancellation,99 dB,Sony WH 1000XM5,Wireless,Bluetooth,"Foldable, Microphone Included, Fast Charging","Cable, User Manual, Ear Cushions, Protective Case",1 Lithium Ion batteries required. (included),,7 July 2022,,B09ZFDYKP3,WH1000XM5S,"[{'Reviewer': 'Mayyada', 'Rating': '4.0 ', 'Date': 'Reviewed in Egypt on 2 August 2024', 'Review': 'Ø§Ù„Ø¹Ø²Ù„ Ù…Ø´ Ù‚ÙˆÙŠ ÙÙŠ Ù…ØµØ± Ø§Ù„Ø¹Ø²Ù„ Ù§ Ù…Ù† Ù¡Ù  Ø¯Ø© Ø­Ù„Ùˆ Ø¨Ø±Ø¶Ùˆ\nØ¥Ù†Ù…Ø§ ÙŠÙ‚Ø¶ÙŠ Ø§Ù„ØºØ±Ø¶\n\nØ²ÙŠ Ø§Ù† Ù¨ Ù…Ø§ÙŠÙƒØ§Øª Ù„Ù„Ù…ÙƒØ§Ù„Ù…Ø§Øª Ø¨Ø³ Ø§Ø­ÙŠØ§Ù†Ø§ Ø§Ù„Ø·Ø±Ù Ø§Ù„Ø¢Ø®Ø± Ù…Ø´ Ø¨ÙŠØ³Ù…Ø¹ Ø¨Ø³ Ø¯Ø© Ù†Ø§Ø¯Ø±Ø§\n\nØ§Ù„Ø§Ø³ØªÙ…Ø§Ø¹ Ø§Ù„ÙŠ Ø§Ù„Ù…ÙˆØ³ÙŠÙ‚ÙŠ ØªØ­ÙØ© Ø¨ÙŠØ¹Ø²Ù„Ùƒ ÙØ¹Ù„Ø§\nÙ„Ùˆ Ø´ØºÙ„Øª Ø§Ù„Ø¹Ø²Ù„ Ù„Ù…Ø¯Ø© Ø§ÙƒØªØ± Ù…Ù† Ø³Ø§Ø¹Ø© Ù‡ØªØµØ¯Ø¹ ÙˆØ¯Ø§Ù†Ùƒ Ù‡ØªØ¹Ø±Ù‚\nÙ‚Ù„ÙŠÙ„Ø§ ÙˆÙ„ÙƒÙ† ÙƒÙ…Ø¬Ù…Ù„ Ù‡ÙŠ Ù…Ù†ØªØ¬ Ø¬Ù…ÙŠÙ„ ğŸ¤\n\nÙ…Ø¹Ø§Ù‡Ø§ ÙƒØ§Ø±Øª ØªØ·Ø¨ÙŠÙ‚ Ù…ÙŠÙˆØ²ÙŠÙƒ Ø³ÙˆÙ†ÙŠ Ù…Ø¬Ø§Ù†ÙŠ\n\nØ§Ù„Ø´Ø§Ø­Ù† Ù‡ÙŠ ÙˆØµÙ„Ù‡ Ø£Ù‚ØµØ± Ù…Ù† Ø­ÙŠØ§ØªÙŠ\n\nØ¨ØªØªØ²Ø­Ù„Ù‚ Ù…Ù† Ø§Ù„ÙˆØ¯Ø§Ù† Ø¨Ø³Ù‡ÙˆÙ„Ø©\n\nØ§Ù„Ø´Ø­Ù† Ù„Ù„Ø³Ù…Ø§Ø¹Ø© ÙƒÙˆÙŠØ³ Ø¬Ø¯Ø§\nØ´Ø­Ù†ØªÙ‡Ø§ ÙƒÙ„ Ù£ Ø§Ùˆ Ù¤ Ø¥ÙŠØ§Ù… Ù…Ø±Ø© ÙˆØ§Ø­Ø¯Ø©\nRead more'}, {'Reviewer': 'abdalrahman', 'Rating': '4.0 ', 'Date': 'Reviewed in Egypt on 23 June 2024', 'Review': 'abit expensive for the material but overall the product is good'}, {'Reviewer': 'Faris', 'Rating': '5.0 ', 'Date': 'Reviewed in Saudi Arabia on 23 July 2024', 'Review': 'Ø®Ø°Ù‡Ø§ Ø¨Ø¯ÙˆÙ† ØªÙÙƒÙŠØ± Ø§Ø°Ø§ ØªØ¨ÙŠÙ‡Ø§ Ù„Ù„Ø¬ÙˆØ§Ù„ Ø§Ùˆ Ø§Ù„Ù„Ø§Ø¨ØªÙˆØ¨\n\nÙ„ÙƒÙ† Ù…Ø§ ØªÙ†ÙØ¹ Ù„Ù„Ø¨ÙŠ Ø³ÙŠ ÙˆØ§Ù„Ø¨Ù„Ø§ÙŠØ³ØªÙŠØ´Ù† Ù„Ø§Ù†Ù‡Ø§ ØªØ­ØªØ§Ø¬ Ù‚Ø·Ø¹Ø© Ø¨Ù„ÙˆØªÙˆØ«\n\nØ§Ù„Ø¹Ø²Ù„ ÙƒÙˆÙŠØ³ Ù…Ø±Ù‡ ÙˆØ§Ù„Ø¬ÙˆØ¯Ø© Ø¹Ø§Ù„ÙŠØ© Ø¬Ø¯Ø§Ù‹ Ù„ÙƒÙ† Ù…Ø§ ØªØµÙ„Ø­ Ù„Ù„Ù†Ø§Ø¯ÙŠ Ù„Ø§Ù† ÙƒØ§ØªØ¨ÙŠÙ† Ø¨Ø±Ø¶Ù‡ Ù…Ø§ ØªØªØ­Ù…Ù„ Ø§Ù„ØªØ¹Ø±Ù‚ ÙˆÙ…Ù…ÙƒÙ† ØªØ®Ø±Ø¨'}, {'Reviewer': 'Madeeha', 'Rating': '5.0 ', 'Date': 'Reviewed in Australia on 18 February 2024', 'Review': ""My only problem is that they slip off my head when I'm doing sit-ups etc (any exercise lying down) otherwise LOVE them!""}, {'Reviewer': 'abdl abdl', 'Rating': '5.0 ', 'Date': 'Reviewed in Saudi Arabia on 6 July 2024', 'Review': 'Ø§ÙØ¶Ù„ Ø³Ù…Ø§Ø¹Ù‡ Ù‚Ø¯ Ø¬Ø±Ø¨ØªÙ‡ Ø¨Ø­ÙŠØ§ØªÙŠ\nØ¹Ø²Ù„ Ù‚ÙˆÙŠ ÙˆÙ…Ø±ÙŠØ­Ù‡ Ù…Ø±Ù‡ Ù…Ø§ØªØ³Ø¨Ø¨ Ø§Ù„Ù… Ø¨Ø§Ù„Ø±Ø§Ø³ Ø§Ø°Ø§ Ù„Ø¨Ø³ØªÙ‡ Ø§ÙƒØ«Ø± Ù…Ù† Ø³Ø§Ø¹Ù‡ ÙˆØ¬ÙˆØ¯Ù‡ ØµÙˆØª Ø¬Ù…ÙŠÙ„Ù‡ ÙˆØ³Ù‡ÙˆÙ„Ù‡ Ø¨Ø§Ù„ØªØ­ÙƒÙ…'}]",Over Ear,3.5 mm Jack,Adult,Plastic,music,Calling,smartphones,daily,No subject character,Alexa,Without Cable,250 g,Not Water Resistant,,27 x 21 x 7 cm; 250 g,Beige,,,Plastic,Medium,4.64.6 out of 5 stars413 ratings4.6 out of 5 stars,"#4,089 in Electronics (See Top 100 in Electronics)#64 inOver-Ear Headphones",,,,,,,,,Lithium,,,
Sony WH-CH720N Noise Cancelling Wireless Headphones : Bluetooth Over The Ear Headset With Mic For Phone-Call-White,4.5 out of 5 stars,"5,999"," List Price: EGPÂ 6,800.00 ",-12%,https://m.media-amazon.com/images/I/41tp0JPPlmL._AC_SY355_.jpg,"About this item
Sonyâ€™s lightest Wireless Noise-canceling headband ever.
Take noise canceling to the next level with Sonyâ€™s Integrated Processor V1, so you can fully immerse yourself in the music.
Super comfortable and lightweight design.",Sony,White,Over Ear,Active Noise Cancellation,99 dB,WH-CH720N-White,Wireless,,,,1 Lithium Polymer batteries required. (included),,11 February 2023,Sony,B0BS74M665,WHCH720N/W,"[{'Reviewer': 'Arwa', 'Rating': '5.0 ', 'Date': 'Reviewed in Saudi Arabia on 16 July 2024', 'Review': 'Ø§Ù„Ø³Ù…Ø§Ø¹Ø© Ø­Ù„ÙˆØ© Ùˆ Ø§Ù„ØµÙˆØª Ù…Ù…ØªØ§Ø² Ø§Ø°Ø§ Ø¹Ø¯Ù„ØªÙ‡ Ø¨Ø§Ù„Ø§Ø¨Ù„ÙƒÙŠØ´Ù† Ø­Ù‚ Ø³ÙˆÙ†ÙŠ Ø§Ù„Ø¨ÙŠØ³ ÙŠØ·Ù„Ø¹ Ù…Ù…ØªØ§Ø²\nÙ…Ø´ÙƒÙ„ØªÙ‡Ø§ ØªÙƒØªÙ… Ø§Ù„Ø§Ø°Ù† ÙˆØªØ­Ø± Ø¨Ø³ Ù…Ø±ÙŠØ­Ø© Ø¬Ø¯Ù‹Ø§ Ù„Ù„Ø¥Ø³ØªØ®Ø¯Ø§Ù… Ø§Ù„Ø¨Ø³Ù‡Ø§ Ù„Ø³Ø§Ø¹Ø§Øª ÙˆÙ…Ø§ØªØ¶Ø§ÙŠÙ‚\nØ§Ù„Ø¹Ø²Ù„ Ù¦ Ù…Ù† Ù¡Ù  ØªØ¹Ø²Ù„ Ø¶Ø¬ÙŠØ¬ Ø¨Ø³ Ù…Ùˆ ØªÙ…Ø§Ù…Ù‹Ø§ ÙŠØ¹Ù†ÙŠ ÙŠÙ†Ø³Ù…Ø¹ Ø§Ù„Ù„ÙŠ ÙŠØ¯ÙˆØ± Ø­ÙˆÙ„Ùƒ\nØ§Ù„Ù„ÙˆÙ† Ù…Ùˆ Ø§Ø¨ÙŠØ¶ØŒ Ø¹Ù„Ù‰ Ø±Ù…Ø§Ø¯ÙŠ'}, {'Reviewer': 'Brittini', 'Rating': '5.0 ', 'Date': 'Reviewed in Australia on 18 December 2023', 'Review': ""Got these on a black friday sale and really happy with them - probably wouldn't pay the full price but on sale they were a steal. Noise cancelling isn't the best, but I'm happy with them (probably just need to turn the volume up). Lightweight and attractive. Comfortable on my head (even with sunglasses) and they feel nice hanging around your neck.""}, {'Reviewer': 'Faisal hameed', 'Rating': '5.0 ', 'Date': 'Reviewed in Saudi Arabia on 13 July 2024', 'Review': 'Ø¹Ø²Ù„ ØµÙˆØª Ù…Ù…ØªØ§Ø² Ø¨Ø§Ù„Ù†Ø³Ø¨Ø© Ù„ÙØ¦ØªÙ‡Ø§\nÙ…Ø±ÙŠØ­Ø© Ø¹Ù„Ù‰ Ø§Ù„Ø£Ø°Ù† Ø§Ø°Ø§ ØªÙ… Ø¶Ø¨Ø·Ù‡Ø§ Ø¹Ù„Ù‰ Ø§Ù„Ù…Ù‚Ø§Ø³ Ø§Ù„Ù…Ù†Ø§Ø³Ø¨\nØ¬ÙˆØ¯Ø© Ø§Ù„ØµÙˆØª ÙˆÙ‚ÙˆØªÙ‡ Ù…Ù…ØªØ§Ø²Ø© Ø£ÙŠØ¶Ø§ ÙØ³ÙˆÙ†ÙŠ Ù…Ø¹Ø±ÙˆÙØ© ÙÙŠ Ù…Ø¬Ø§Ù„ Ø§Ù„ØµÙˆØªÙŠØ§Øª\nØ§Ù„Ø¨Ù„ÙˆØªÙˆØ« Ø³Ù‡Ù„ ÙÙŠ Ø§Ù„Ø§ØªØµØ§Ù„ ÙˆÙ„Ù… Ø£ÙˆØ¬Ù‡ Ø§ÙŠ Ù…Ø´ÙƒÙ„Ø© ÙÙŠÙ‡\nØ¹Ù…Ø± Ø§Ù„Ø¨Ø·Ø§Ø±ÙŠØ© Ø¬ÙŠØ¯ Ø¬Ø¯Ø§'}, {'Reviewer': 'Suraj Zope', 'Rating': '4.0 ', 'Date': 'Reviewed in India on 21 June 2024', 'Review': 'Likes:\nSuperb at 7k price point\nMusic quality delivered is amazing and the sony app gives you overall best music experience for most of the songs types.\nCushions are soft and the headset fit is quite comfortable.\nSmooth connectivity between 2 devices.\nActive noise cancellation is beautiful and helps me focus on work amidst the chaotic surroundings.\nMic is good for indoors.\nVery good battery backup once fully charged.\nBuild quality is sturdy and flexible.\nDislike: Are you kidding me, sony at its best at 7k price point with ANC and great music experience.'}, {'Reviewer': 'Happy Customer', 'Rating': '5.0 ', 'Date': 'Reviewed in Australia on 28 May 2023', 'Review': 'Love these blue tooth headphones, use them for watching my programmes. Good sound and light to wear.'}]",Over Ear,3.5 mm Jack,,,,,,,,,,,,,20.72 x 5.5 x 23.72 cm; 100 g,,,,,,,,20000,,,Virgin Islands (U.S.),,,,,,,,
"Onikuma x15pro custom high quality gaming headset with rgb light, Wired",3.2 out of 5 stars,629,,,https://m.media-amazon.com/images/I/61kSmW9LODL._AC_SY355_.jpg,"About this item
Unique and fashionable design.
Country of Origin: China
Made of is high quality
Compatible with multiple devices and easy to use
Unique and fashionable design.",Onikuma,black,Over Ear,None,105 dB,X15,Wired,,,,,21.9 x 18.4 x 10.4 cm; 300 g,8 September 2021,Onikuma,B09FQ8684H,X15,"[{'Reviewer': 'Omar Ahmed', 'Rating': '1.0 ', 'Date': 'Reviewed in Egypt on 12 July 2023', 'Review': 'Ø³Ù…Ø§Ø¹Ø© Ø³ÙŠØ¦Ø© ØµÙˆØªÙ‡Ø§ ÙˆØ§Ø·ÙŠ ÙˆØ§Ù„Ø§Ù†ÙˆØ§Ø± Ø¨Ø§Ø¸Øª Ù…Ù† ØªØ§Ù†ÙŠ ÙŠÙˆÙ…'}]",Over Ear,3.5 mm Jack,,,,,,,,,,,,,,,,,,,,,1400,,,,,,,,,,,
